Copyright 1986-2022 Xilinx, Inc. All Rights Reserved. Copyright 2022-2026 Advanced Micro Devices, Inc. All Rights Reserved.
------------------------------------------------------------------------------------------------------------------------------------------------------------------------------------------------------------------------------------------------------------
| Tool Version : Vivado v.2026.1 (lin64) Build 6511674 Tue Jun 16 11:01:26 MDT 2026
| Date         : Sat Aug 29 20:58:10 2026
| Host         : adam-lorenz-MS-7D43 running 64-bit Ubuntu 24.04.4 LTS
| Command      : report_timing_summary -max_paths 10 -routable_nets -report_unconstrained -file design_1_wrapper_timing_summary_routed.rpt -pb design_1_wrapper_timing_summary_routed.pb -rpx design_1_wrapper_timing_summary_routed.rpx -warn_on_violation
| Design       : design_1_wrapper
| Device       : 7z020-clg400
| Speed File   : -1  PRODUCTION 1.12 2019-11-22
| Design State : Routed
------------------------------------------------------------------------------------------------------------------------------------------------------------------------------------------------------------------------------------------------------------

Timing Summary Report

------------------------------------------------------------------------------------------------
| Timer Settings
| --------------
------------------------------------------------------------------------------------------------

  Enable Multi Corner Analysis               :  Yes
  Enable Pessimism Removal                   :  Yes
  Pessimism Removal Resolution               :  Nearest Common Node
  Enable Input Delay Default Clock           :  No
  Enable Preset / Clear Arcs                 :  No
  Disable Flight Delays                      :  No
  Ignore I/O Paths                           :  No
  Timing Early Launch at Borrowing Latches   :  No
  Borrow Time for Max Delay Exceptions       :  Yes
  Merge Timing Exceptions                    :  Yes
  Inter-SLR Compensation                     :  Conservative

  Corner  Analyze    Analyze    
  Name    Max Paths  Min Paths  
  ------  ---------  ---------  
  Slow    Yes        Yes        
  Fast    Yes        Yes        


------------------------------------------------------------------------------------------------
| Report Methodology
| ------------------
------------------------------------------------------------------------------------------------

No report available as report_methodology has not been run prior. Run report_methodology on the current design for the summary of methodology violations.



check_timing report

Table of Contents
-----------------
1. checking no_clock (0)
2. checking constant_clock (0)
3. checking pulse_width_clock (0)
4. checking unconstrained_internal_endpoints (0)
5. checking no_input_delay (0)
6. checking no_output_delay (0)
7. checking multiple_clock (0)
8. checking generated_clocks (0)
9. checking loops (0)
10. checking partial_input_delay (0)
11. checking partial_output_delay (0)
12. checking latch_loops (0)

1. checking no_clock (0)
------------------------
 There are 0 register/latch pins with no clock.


2. checking constant_clock (0)
------------------------------
 There are 0 register/latch pins with constant_clock.


3. checking pulse_width_clock (0)
---------------------------------
 There are 0 register/latch pins which need pulse_width check


4. checking unconstrained_internal_endpoints (0)
------------------------------------------------
 There are 0 pins that are not constrained for maximum delay.

 There are 0 pins that are not constrained for maximum delay due to constant clock.


5. checking no_input_delay (0)
------------------------------
 There are 0 input ports with no input delay specified.

 There are 0 input ports with no input delay but user has a false path constraint.


6. checking no_output_delay (0)
-------------------------------
 There are 0 ports with no output delay specified.

 There are 0 ports with no output delay but user has a false path constraint

 There are 0 ports with no output delay but with a timing clock defined on it or propagating through it


7. checking multiple_clock (0)
------------------------------
 There are 0 register/latch pins with multiple clocks.


8. checking generated_clocks (0)
--------------------------------
 There are 0 generated clocks that are not connected to a clock source.


9. checking loops (0)
---------------------
 There are 0 combinational loops in the design.


10. checking partial_input_delay (0)
------------------------------------
 There are 0 input ports with partial input delay specified.


11. checking partial_output_delay (0)
-------------------------------------
 There are 0 ports with partial output delay specified.


12. checking latch_loops (0)
----------------------------
 There are 0 combinational latch loops in the design through latch input



------------------------------------------------------------------------------------------------
| Design Timing Summary
| ---------------------
------------------------------------------------------------------------------------------------

    WNS(ns)      TNS(ns)  TNS Failing Endpoints  TNS Total Endpoints      WHS(ns)      THS(ns)  THS Failing Endpoints  THS Total Endpoints     WPWS(ns)     TPWS(ns)  TPWS Failing Endpoints  TPWS Total Endpoints  
    -------      -------  ---------------------  -------------------      -------      -------  ---------------------  -------------------     --------     --------  ----------------------  --------------------  
      3.637        0.000                      0                 1403        0.052        0.000                      0                 1403        4.020        0.000                       0                   547  


All user specified timing constraints are met.


------------------------------------------------------------------------------------------------
| Clock Summary
| -------------
------------------------------------------------------------------------------------------------

Clock       Waveform(ns)       Period(ns)      Frequency(MHz)
-----       ------------       ----------      --------------
clk_fpga_0  {0.000 5.000}      10.000          100.000         


------------------------------------------------------------------------------------------------
| Intra Clock Table
| -----------------
------------------------------------------------------------------------------------------------

Clock             WNS(ns)      TNS(ns)  TNS Failing Endpoints  TNS Total Endpoints      WHS(ns)      THS(ns)  THS Failing Endpoints  THS Total Endpoints     WPWS(ns)     TPWS(ns)  TPWS Failing Endpoints  TPWS Total Endpoints  
-----             -------      -------  ---------------------  -------------------      -------      -------  ---------------------  -------------------     --------     --------  ----------------------  --------------------  
clk_fpga_0          3.637        0.000                      0                 1403        0.052        0.000                      0                 1403        4.020        0.000                       0                   547  


------------------------------------------------------------------------------------------------
| Inter Clock Table
| -----------------
------------------------------------------------------------------------------------------------

From Clock    To Clock          WNS(ns)      TNS(ns)  TNS Failing Endpoints  TNS Total Endpoints      WHS(ns)      THS(ns)  THS Failing Endpoints  THS Total Endpoints  
----------    --------          -------      -------  ---------------------  -------------------      -------      -------  ---------------------  -------------------  


------------------------------------------------------------------------------------------------
| Other Path Groups Table
| -----------------------
------------------------------------------------------------------------------------------------

Path Group    From Clock    To Clock          WNS(ns)      TNS(ns)  TNS Failing Endpoints  TNS Total Endpoints      WHS(ns)      THS(ns)  THS Failing Endpoints  THS Total Endpoints  
----------    ----------    --------          -------      -------  ---------------------  -------------------      -------      -------  ---------------------  -------------------  


------------------------------------------------------------------------------------------------
| User Ignored Path Table
| -----------------------
------------------------------------------------------------------------------------------------

Path Group    From Clock    To Clock    
----------    ----------    --------    
(none)                      clk_fpga_0    
(none)        clk_fpga_0    clk_fpga_0    


------------------------------------------------------------------------------------------------
| Unconstrained Path Table
| ------------------------
------------------------------------------------------------------------------------------------

Path Group    From Clock    To Clock    
----------    ----------    --------    


------------------------------------------------------------------------------------------------
| Timing Details
| --------------
------------------------------------------------------------------------------------------------


---------------------------------------------------------------------------------------------------
From Clock:  clk_fpga_0
  To Clock:  clk_fpga_0

Setup :            0  Failing Endpoints,  Worst Slack        3.637ns,  Total Violation        0.000ns
Hold  :            0  Failing Endpoints,  Worst Slack        0.052ns,  Total Violation        0.000ns
PW    :            0  Failing Endpoints,  Worst Slack        4.020ns,  Total Violation        0.000ns
---------------------------------------------------------------------------------------------------


Max Delay Paths
--------------------------------------------------------------------------------------
Slack (MET) :             3.637ns  (required time - arrival time)
  Source:                 design_1_i/axi_smc/inst/sc_ul/inst/cdc_aresetn/syncstages_ff_reg[1]/C
                            (rising edge-triggered cell FDRE clocked by clk_fpga_0  {rise@0.000ns fall@5.000ns period=10.000ns})
  Destination:            design_1_i/axi_smc/inst/sc_ul/inst/gen_axi_full_nxm.sasd_inst/gen_read.r_repeat_reg[5]/R
                            (rising edge-triggered cell FDRE clocked by clk_fpga_0  {rise@0.000ns fall@5.000ns period=10.000ns})
  Path Group:             clk_fpga_0
  Path Type:              Setup (Max at Slow Process Corner)
  Requirement:            10.000ns  (clk_fpga_0 rise@10.000ns - clk_fpga_0 rise@0.000ns)
  Data Path Delay:        5.428ns  (logic 0.746ns (13.744%)  route 4.682ns (86.256%))
  Logic Levels:           1  (LUT1=1)
  Clock Path Skew:        -0.033ns (DCD - SCD + CPR)
    Destination Clock Delay (DCD):    2.651ns = ( 12.651 - 10.000 ) 
    Source Clock Delay      (SCD):    2.947ns
    Clock Pessimism Removal (CPR):    0.263ns
  Clock Uncertainty:      0.154ns  ((TSJ^2 + TIJ^2)^1/2 + DJ) / 2 + PE
    Total System Jitter     (TSJ):    0.071ns
    Total Input Jitter      (TIJ):    0.300ns
    Discrete Jitter          (DJ):    0.000ns
    Phase Error              (PE):    0.000ns

    Location             Delay type                Incr(ns)  Path(ns)    Netlist Resource(s)
  -------------------------------------------------------------------    -------------------
                         (clock clk_fpga_0 rise edge)
                                                      0.000     0.000 r  <hidden>
    PS7_X0Y0             PS7                          0.000     0.000 r  design_1_i/processing_system7_0/inst/PS7_i/FCLKCLK[0]
                         net (fo=1, routed)           1.193     1.193    design_1_i/processing_system7_0/inst/FCLK_CLK_unbuffered[0]
    BUFGCTRL_X0Y16       BUFG (Prop_bufg_I_O)         0.101     1.294 r  design_1_i/processing_system7_0/inst/buffer_fclk_clk_0.FCLK_CLK_0_BUFG/O
                         net (fo=547, routed)         1.653     2.947    design_1_i/axi_smc/inst/sc_ul/inst/cdc_aresetn/dest_clk
    SLICE_X33Y97         FDRE                                         r  design_1_i/axi_smc/inst/sc_ul/inst/cdc_aresetn/syncstages_ff_reg[1]/C
  -------------------------------------------------------------------    -------------------
    SLICE_X33Y97         FDRE (Prop_fdre_C_Q)         0.419     3.366 f  design_1_i/axi_smc/inst/sc_ul/inst/cdc_aresetn/syncstages_ff_reg[1]/Q
                         net (fo=5, routed)           0.859     4.225    design_1_i/axi_smc/inst/sc_ul/inst/gen_axi_full_nxm.sasd_inst/dest_rst
    SLICE_X34Y97         LUT1 (Prop_lut1_I0_O)        0.327     4.552 r  design_1_i/axi_smc/inst/sc_ul/inst/gen_axi_full_nxm.sasd_inst/gen_read.s_axi_arready_vec_i[0]_i_1/O
                         net (fo=154, routed)         3.822     8.375    design_1_i/axi_smc/inst/sc_ul/inst/gen_axi_full_nxm.sasd_inst/gen_read.s_axi_arready_vec_i[0]_i_1_n_0
    SLICE_X32Y83         FDRE                                         r  design_1_i/axi_smc/inst/sc_ul/inst/gen_axi_full_nxm.sasd_inst/gen_read.r_repeat_reg[5]/R
  -------------------------------------------------------------------    -------------------

                         (clock clk_fpga_0 rise edge)
                                                     10.000    10.000 r  <hidden>
    PS7_X0Y0             PS7                          0.000    10.000 r  design_1_i/processing_system7_0/inst/PS7_i/FCLKCLK[0]
                         net (fo=1, routed)           1.088    11.088    design_1_i/processing_system7_0/inst/FCLK_CLK_unbuffered[0]
    BUFGCTRL_X0Y16       BUFG (Prop_bufg_I_O)         0.091    11.179 r  design_1_i/processing_system7_0/inst/buffer_fclk_clk_0.FCLK_CLK_0_BUFG/O
                         net (fo=547, routed)         1.472    12.651    design_1_i/axi_smc/inst/sc_ul/inst/gen_axi_full_nxm.sasd_inst/aclk
    SLICE_X32Y83         FDRE                                         r  design_1_i/axi_smc/inst/sc_ul/inst/gen_axi_full_nxm.sasd_inst/gen_read.r_repeat_reg[5]/C
                         clock pessimism              0.263    12.914    <hidden>
                         clock uncertainty           -0.154    12.760    <hidden>
    SLICE_X32Y83         FDRE (Setup_fdre_C_R)       -0.748    12.012    design_1_i/axi_smc/inst/sc_ul/inst/gen_axi_full_nxm.sasd_inst/gen_read.r_repeat_reg[5]
  -------------------------------------------------------------------
                         required time                         12.012    <hidden>
                         arrival time                          -8.375    <hidden>
  -------------------------------------------------------------------
                         slack                                  3.637    <hidden>

Slack (MET) :             3.637ns  (required time - arrival time)
  Source:                 design_1_i/axi_smc/inst/sc_ul/inst/cdc_aresetn/syncstages_ff_reg[1]/C
                            (rising edge-triggered cell FDRE clocked by clk_fpga_0  {rise@0.000ns fall@5.000ns period=10.000ns})
  Destination:            design_1_i/axi_smc/inst/sc_ul/inst/gen_axi_full_nxm.sasd_inst/gen_read.r_repeat_reg[6]/R
                            (rising edge-triggered cell FDRE clocked by clk_fpga_0  {rise@0.000ns fall@5.000ns period=10.000ns})
  Path Group:             clk_fpga_0
  Path Type:              Setup (Max at Slow Process Corner)
  Requirement:            10.000ns  (clk_fpga_0 rise@10.000ns - clk_fpga_0 rise@0.000ns)
  Data Path Delay:        5.428ns  (logic 0.746ns (13.744%)  route 4.682ns (86.256%))
  Logic Levels:           1  (LUT1=1)
  Clock Path Skew:        -0.033ns (DCD - SCD + CPR)
    Destination Clock Delay (DCD):    2.651ns = ( 12.651 - 10.000 ) 
    Source Clock Delay      (SCD):    2.947ns
    Clock Pessimism Removal (CPR):    0.263ns
  Clock Uncertainty:      0.154ns  ((TSJ^2 + TIJ^2)^1/2 + DJ) / 2 + PE
    Total System Jitter     (TSJ):    0.071ns
    Total Input Jitter      (TIJ):    0.300ns
    Discrete Jitter          (DJ):    0.000ns
    Phase Error              (PE):    0.000ns

    Location             Delay type                Incr(ns)  Path(ns)    Netlist Resource(s)
  -------------------------------------------------------------------    -------------------
                         (clock clk_fpga_0 rise edge)
                                                      0.000     0.000 r  <hidden>
    PS7_X0Y0             PS7                          0.000     0.000 r  design_1_i/processing_system7_0/inst/PS7_i/FCLKCLK[0]
                         net (fo=1, routed)           1.193     1.193    design_1_i/processing_system7_0/inst/FCLK_CLK_unbuffered[0]
    BUFGCTRL_X0Y16       BUFG (Prop_bufg_I_O)         0.101     1.294 r  design_1_i/processing_system7_0/inst/buffer_fclk_clk_0.FCLK_CLK_0_BUFG/O
                         net (fo=547, routed)         1.653     2.947    design_1_i/axi_smc/inst/sc_ul/inst/cdc_aresetn/dest_clk
    SLICE_X33Y97         FDRE                                         r  design_1_i/axi_smc/inst/sc_ul/inst/cdc_aresetn/syncstages_ff_reg[1]/C
  -------------------------------------------------------------------    -------------------
    SLICE_X33Y97         FDRE (Prop_fdre_C_Q)         0.419     3.366 f  design_1_i/axi_smc/inst/sc_ul/inst/cdc_aresetn/syncstages_ff_reg[1]/Q
                         net (fo=5, routed)           0.859     4.225    design_1_i/axi_smc/inst/sc_ul/inst/gen_axi_full_nxm.sasd_inst/dest_rst
    SLICE_X34Y97         LUT1 (Prop_lut1_I0_O)        0.327     4.552 r  design_1_i/axi_smc/inst/sc_ul/inst/gen_axi_full_nxm.sasd_inst/gen_read.s_axi_arready_vec_i[0]_i_1/O
                         net (fo=154, routed)         3.822     8.375    design_1_i/axi_smc/inst/sc_ul/inst/gen_axi_full_nxm.sasd_inst/gen_read.s_axi_arready_vec_i[0]_i_1_n_0
    SLICE_X32Y83         FDRE                                         r  design_1_i/axi_smc/inst/sc_ul/inst/gen_axi_full_nxm.sasd_inst/gen_read.r_repeat_reg[6]/R
  -------------------------------------------------------------------    -------------------

                         (clock clk_fpga_0 rise edge)
                                                     10.000    10.000 r  <hidden>
    PS7_X0Y0             PS7                          0.000    10.000 r  design_1_i/processing_system7_0/inst/PS7_i/FCLKCLK[0]
                         net (fo=1, routed)           1.088    11.088    design_1_i/processing_system7_0/inst/FCLK_CLK_unbuffered[0]
    BUFGCTRL_X0Y16       BUFG (Prop_bufg_I_O)         0.091    11.179 r  design_1_i/processing_system7_0/inst/buffer_fclk_clk_0.FCLK_CLK_0_BUFG/O
                         net (fo=547, routed)         1.472    12.651    design_1_i/axi_smc/inst/sc_ul/inst/gen_axi_full_nxm.sasd_inst/aclk
    SLICE_X32Y83         FDRE                                         r  design_1_i/axi_smc/inst/sc_ul/inst/gen_axi_full_nxm.sasd_inst/gen_read.r_repeat_reg[6]/C
                         clock pessimism              0.263    12.914    <hidden>
                         clock uncertainty           -0.154    12.760    <hidden>
    SLICE_X32Y83         FDRE (Setup_fdre_C_R)       -0.748    12.012    design_1_i/axi_smc/inst/sc_ul/inst/gen_axi_full_nxm.sasd_inst/gen_read.r_repeat_reg[6]
  -------------------------------------------------------------------
                         required time                         12.012    <hidden>
                         arrival time                          -8.375    <hidden>
  -------------------------------------------------------------------
                         slack                                  3.637    <hidden>

Slack (MET) :             3.715ns  (required time - arrival time)
  Source:                 design_1_i/axi_smc/inst/sc_ul/inst/cdc_aresetn/syncstages_ff_reg[1]/C
                            (rising edge-triggered cell FDRE clocked by clk_fpga_0  {rise@0.000ns fall@5.000ns period=10.000ns})
  Destination:            design_1_i/axi_smc/inst/sc_ul/inst/gen_axi_full_nxm.sasd_inst/gen_read.ar_addr_reg[1]/R
                            (rising edge-triggered cell FDRE clocked by clk_fpga_0  {rise@0.000ns fall@5.000ns period=10.000ns})
  Path Group:             clk_fpga_0
  Path Type:              Setup (Max at Slow Process Corner)
  Requirement:            10.000ns  (clk_fpga_0 rise@10.000ns - clk_fpga_0 rise@0.000ns)
  Data Path Delay:        5.359ns  (logic 0.746ns (13.920%)  route 4.613ns (86.080%))
  Logic Levels:           1  (LUT1=1)
  Clock Path Skew:        -0.024ns (DCD - SCD + CPR)
    Destination Clock Delay (DCD):    2.694ns = ( 12.694 - 10.000 ) 
    Source Clock Delay      (SCD):    2.947ns
    Clock Pessimism Removal (CPR):    0.229ns
  Clock Uncertainty:      0.154ns  ((TSJ^2 + TIJ^2)^1/2 + DJ) / 2 + PE
    Total System Jitter     (TSJ):    0.071ns
    Total Input Jitter      (TIJ):    0.300ns
    Discrete Jitter          (DJ):    0.000ns
    Phase Error              (PE):    0.000ns

    Location             Delay type                Incr(ns)  Path(ns)    Netlist Resource(s)
  -------------------------------------------------------------------    -------------------
                         (clock clk_fpga_0 rise edge)
                                                      0.000     0.000 r  <hidden>
    PS7_X0Y0             PS7                          0.000     0.000 r  design_1_i/processing_system7_0/inst/PS7_i/FCLKCLK[0]
                         net (fo=1, routed)           1.193     1.193    design_1_i/processing_system7_0/inst/FCLK_CLK_unbuffered[0]
    BUFGCTRL_X0Y16       BUFG (Prop_bufg_I_O)         0.101     1.294 r  design_1_i/processing_system7_0/inst/buffer_fclk_clk_0.FCLK_CLK_0_BUFG/O
                         net (fo=547, routed)         1.653     2.947    design_1_i/axi_smc/inst/sc_ul/inst/cdc_aresetn/dest_clk
    SLICE_X33Y97         FDRE                                         r  design_1_i/axi_smc/inst/sc_ul/inst/cdc_aresetn/syncstages_ff_reg[1]/C
  -------------------------------------------------------------------    -------------------
    SLICE_X33Y97         FDRE (Prop_fdre_C_Q)         0.419     3.366 f  design_1_i/axi_smc/inst/sc_ul/inst/cdc_aresetn/syncstages_ff_reg[1]/Q
                         net (fo=5, routed)           0.859     4.225    design_1_i/axi_smc/inst/sc_ul/inst/gen_axi_full_nxm.sasd_inst/dest_rst
    SLICE_X34Y97         LUT1 (Prop_lut1_I0_O)        0.327     4.552 r  design_1_i/axi_smc/inst/sc_ul/inst/gen_axi_full_nxm.sasd_inst/gen_read.s_axi_arready_vec_i[0]_i_1/O
                         net (fo=154, routed)         3.754     8.306    design_1_i/axi_smc/inst/sc_ul/inst/gen_axi_full_nxm.sasd_inst/gen_read.s_axi_arready_vec_i[0]_i_1_n_0
    SLICE_X26Y84         FDRE                                         r  design_1_i/axi_smc/inst/sc_ul/inst/gen_axi_full_nxm.sasd_inst/gen_read.ar_addr_reg[1]/R
  -------------------------------------------------------------------    -------------------

                         (clock clk_fpga_0 rise edge)
                                                     10.000    10.000 r  <hidden>
    PS7_X0Y0             PS7                          0.000    10.000 r  design_1_i/processing_system7_0/inst/PS7_i/FCLKCLK[0]
                         net (fo=1, routed)           1.088    11.088    design_1_i/processing_system7_0/inst/FCLK_CLK_unbuffered[0]
    BUFGCTRL_X0Y16       BUFG (Prop_bufg_I_O)         0.091    11.179 r  design_1_i/processing_system7_0/inst/buffer_fclk_clk_0.FCLK_CLK_0_BUFG/O
                         net (fo=547, routed)         1.515    12.694    design_1_i/axi_smc/inst/sc_ul/inst/gen_axi_full_nxm.sasd_inst/aclk
    SLICE_X26Y84         FDRE                                         r  design_1_i/axi_smc/inst/sc_ul/inst/gen_axi_full_nxm.sasd_inst/gen_read.ar_addr_reg[1]/C
                         clock pessimism              0.229    12.923    <hidden>
                         clock uncertainty           -0.154    12.769    <hidden>
    SLICE_X26Y84         FDRE (Setup_fdre_C_R)       -0.748    12.021    design_1_i/axi_smc/inst/sc_ul/inst/gen_axi_full_nxm.sasd_inst/gen_read.ar_addr_reg[1]
  -------------------------------------------------------------------
                         required time                         12.021    <hidden>
                         arrival time                          -8.306    <hidden>
  -------------------------------------------------------------------
                         slack                                  3.715    <hidden>

Slack (MET) :             3.725ns  (required time - arrival time)
  Source:                 design_1_i/axi_smc/inst/sc_ul/inst/cdc_aresetn/syncstages_ff_reg[1]/C
                            (rising edge-triggered cell FDRE clocked by clk_fpga_0  {rise@0.000ns fall@5.000ns period=10.000ns})
  Destination:            design_1_i/axi_smc/inst/sc_ul/inst/gen_axi_full_nxm.sasd_inst/gen_read.m_r_en_reg/R
                            (rising edge-triggered cell FDRE clocked by clk_fpga_0  {rise@0.000ns fall@5.000ns period=10.000ns})
  Path Group:             clk_fpga_0
  Path Type:              Setup (Max at Slow Process Corner)
  Requirement:            10.000ns  (clk_fpga_0 rise@10.000ns - clk_fpga_0 rise@0.000ns)
  Data Path Delay:        5.354ns  (logic 0.746ns (13.933%)  route 4.608ns (86.067%))
  Logic Levels:           1  (LUT1=1)
  Clock Path Skew:        -0.019ns (DCD - SCD + CPR)
    Destination Clock Delay (DCD):    2.699ns = ( 12.699 - 10.000 ) 
    Source Clock Delay      (SCD):    2.947ns
    Clock Pessimism Removal (CPR):    0.229ns
  Clock Uncertainty:      0.154ns  ((TSJ^2 + TIJ^2)^1/2 + DJ) / 2 + PE
    Total System Jitter     (TSJ):    0.071ns
    Total Input Jitter      (TIJ):    0.300ns
    Discrete Jitter          (DJ):    0.000ns
    Phase Error              (PE):    0.000ns

    Location             Delay type                Incr(ns)  Path(ns)    Netlist Resource(s)
  -------------------------------------------------------------------    -------------------
                         (clock clk_fpga_0 rise edge)
                                                      0.000     0.000 r  <hidden>
    PS7_X0Y0             PS7                          0.000     0.000 r  design_1_i/processing_system7_0/inst/PS7_i/FCLKCLK[0]
                         net (fo=1, routed)           1.193     1.193    design_1_i/processing_system7_0/inst/FCLK_CLK_unbuffered[0]
    BUFGCTRL_X0Y16       BUFG (Prop_bufg_I_O)         0.101     1.294 r  design_1_i/processing_system7_0/inst/buffer_fclk_clk_0.FCLK_CLK_0_BUFG/O
                         net (fo=547, routed)         1.653     2.947    design_1_i/axi_smc/inst/sc_ul/inst/cdc_aresetn/dest_clk
    SLICE_X33Y97         FDRE                                         r  design_1_i/axi_smc/inst/sc_ul/inst/cdc_aresetn/syncstages_ff_reg[1]/C
  -------------------------------------------------------------------    -------------------
    SLICE_X33Y97         FDRE (Prop_fdre_C_Q)         0.419     3.366 f  design_1_i/axi_smc/inst/sc_ul/inst/cdc_aresetn/syncstages_ff_reg[1]/Q
                         net (fo=5, routed)           0.859     4.225    design_1_i/axi_smc/inst/sc_ul/inst/gen_axi_full_nxm.sasd_inst/dest_rst
    SLICE_X34Y97         LUT1 (Prop_lut1_I0_O)        0.327     4.552 r  design_1_i/axi_smc/inst/sc_ul/inst/gen_axi_full_nxm.sasd_inst/gen_read.s_axi_arready_vec_i[0]_i_1/O
                         net (fo=154, routed)         3.749     8.301    design_1_i/axi_smc/inst/sc_ul/inst/gen_axi_full_nxm.sasd_inst/gen_read.s_axi_arready_vec_i[0]_i_1_n_0
    SLICE_X30Y85         FDRE                                         r  design_1_i/axi_smc/inst/sc_ul/inst/gen_axi_full_nxm.sasd_inst/gen_read.m_r_en_reg/R
  -------------------------------------------------------------------    -------------------

                         (clock clk_fpga_0 rise edge)
                                                     10.000    10.000 r  <hidden>
    PS7_X0Y0             PS7                          0.000    10.000 r  design_1_i/processing_system7_0/inst/PS7_i/FCLKCLK[0]
                         net (fo=1, routed)           1.088    11.088    design_1_i/processing_system7_0/inst/FCLK_CLK_unbuffered[0]
    BUFGCTRL_X0Y16       BUFG (Prop_bufg_I_O)         0.091    11.179 r  design_1_i/processing_system7_0/inst/buffer_fclk_clk_0.FCLK_CLK_0_BUFG/O
                         net (fo=547, routed)         1.520    12.699    design_1_i/axi_smc/inst/sc_ul/inst/gen_axi_full_nxm.sasd_inst/aclk
    SLICE_X30Y85         FDRE                                         r  design_1_i/axi_smc/inst/sc_ul/inst/gen_axi_full_nxm.sasd_inst/gen_read.m_r_en_reg/C
                         clock pessimism              0.229    12.928    <hidden>
                         clock uncertainty           -0.154    12.774    <hidden>
    SLICE_X30Y85         FDRE (Setup_fdre_C_R)       -0.748    12.026    design_1_i/axi_smc/inst/sc_ul/inst/gen_axi_full_nxm.sasd_inst/gen_read.m_r_en_reg
  -------------------------------------------------------------------
                         required time                         12.026    <hidden>
                         arrival time                          -8.301    <hidden>
  -------------------------------------------------------------------
                         slack                                  3.725    <hidden>

Slack (MET) :             3.732ns  (required time - arrival time)
  Source:                 design_1_i/axi_smc/inst/sc_ul/inst/cdc_aresetn/syncstages_ff_reg[1]/C
                            (rising edge-triggered cell FDRE clocked by clk_fpga_0  {rise@0.000ns fall@5.000ns period=10.000ns})
  Destination:            design_1_i/axi_smc/inst/sc_ul/inst/gen_axi_full_nxm.sasd_inst/gen_read.r_repeat_reg[0]/R
                            (rising edge-triggered cell FDRE clocked by clk_fpga_0  {rise@0.000ns fall@5.000ns period=10.000ns})
  Path Group:             clk_fpga_0
  Path Type:              Setup (Max at Slow Process Corner)
  Requirement:            10.000ns  (clk_fpga_0 rise@10.000ns - clk_fpga_0 rise@0.000ns)
  Data Path Delay:        5.428ns  (logic 0.746ns (13.744%)  route 4.682ns (86.256%))
  Logic Levels:           1  (LUT1=1)
  Clock Path Skew:        -0.033ns (DCD - SCD + CPR)
    Destination Clock Delay (DCD):    2.651ns = ( 12.651 - 10.000 ) 
    Source Clock Delay      (SCD):    2.947ns
    Clock Pessimism Removal (CPR):    0.263ns
  Clock Uncertainty:      0.154ns  ((TSJ^2 + TIJ^2)^1/2 + DJ) / 2 + PE
    Total System Jitter     (TSJ):    0.071ns
    Total Input Jitter      (TIJ):    0.300ns
    Discrete Jitter          (DJ):    0.000ns
    Phase Error              (PE):    0.000ns

    Location             Delay type                Incr(ns)  Path(ns)    Netlist Resource(s)
  -------------------------------------------------------------------    -------------------
                         (clock clk_fpga_0 rise edge)
                                                      0.000     0.000 r  <hidden>
    PS7_X0Y0             PS7                          0.000     0.000 r  design_1_i/processing_system7_0/inst/PS7_i/FCLKCLK[0]
                         net (fo=1, routed)           1.193     1.193    design_1_i/processing_system7_0/inst/FCLK_CLK_unbuffered[0]
    BUFGCTRL_X0Y16       BUFG (Prop_bufg_I_O)         0.101     1.294 r  design_1_i/processing_system7_0/inst/buffer_fclk_clk_0.FCLK_CLK_0_BUFG/O
                         net (fo=547, routed)         1.653     2.947    design_1_i/axi_smc/inst/sc_ul/inst/cdc_aresetn/dest_clk
    SLICE_X33Y97         FDRE                                         r  design_1_i/axi_smc/inst/sc_ul/inst/cdc_aresetn/syncstages_ff_reg[1]/C
  -------------------------------------------------------------------    -------------------
    SLICE_X33Y97         FDRE (Prop_fdre_C_Q)         0.419     3.366 f  design_1_i/axi_smc/inst/sc_ul/inst/cdc_aresetn/syncstages_ff_reg[1]/Q
                         net (fo=5, routed)           0.859     4.225    design_1_i/axi_smc/inst/sc_ul/inst/gen_axi_full_nxm.sasd_inst/dest_rst
    SLICE_X34Y97         LUT1 (Prop_lut1_I0_O)        0.327     4.552 r  design_1_i/axi_smc/inst/sc_ul/inst/gen_axi_full_nxm.sasd_inst/gen_read.s_axi_arready_vec_i[0]_i_1/O
                         net (fo=154, routed)         3.822     8.375    design_1_i/axi_smc/inst/sc_ul/inst/gen_axi_full_nxm.sasd_inst/gen_read.s_axi_arready_vec_i[0]_i_1_n_0
    SLICE_X33Y83         FDRE                                         r  design_1_i/axi_smc/inst/sc_ul/inst/gen_axi_full_nxm.sasd_inst/gen_read.r_repeat_reg[0]/R
  -------------------------------------------------------------------    -------------------

                         (clock clk_fpga_0 rise edge)
                                                     10.000    10.000 r  <hidden>
    PS7_X0Y0             PS7                          0.000    10.000 r  design_1_i/processing_system7_0/inst/PS7_i/FCLKCLK[0]
                         net (fo=1, routed)           1.088    11.088    design_1_i/processing_system7_0/inst/FCLK_CLK_unbuffered[0]
    BUFGCTRL_X0Y16       BUFG (Prop_bufg_I_O)         0.091    11.179 r  design_1_i/processing_system7_0/inst/buffer_fclk_clk_0.FCLK_CLK_0_BUFG/O
                         net (fo=547, routed)         1.472    12.651    design_1_i/axi_smc/inst/sc_ul/inst/gen_axi_full_nxm.sasd_inst/aclk
    SLICE_X33Y83         FDRE                                         r  design_1_i/axi_smc/inst/sc_ul/inst/gen_axi_full_nxm.sasd_inst/gen_read.r_repeat_reg[0]/C
                         clock pessimism              0.263    12.914    <hidden>
                         clock uncertainty           -0.154    12.760    <hidden>
    SLICE_X33Y83         FDRE (Setup_fdre_C_R)       -0.653    12.107    design_1_i/axi_smc/inst/sc_ul/inst/gen_axi_full_nxm.sasd_inst/gen_read.r_repeat_reg[0]
  -------------------------------------------------------------------
                         required time                         12.107    <hidden>
                         arrival time                          -8.375    <hidden>
  -------------------------------------------------------------------
                         slack                                  3.732    <hidden>

Slack (MET) :             3.732ns  (required time - arrival time)
  Source:                 design_1_i/axi_smc/inst/sc_ul/inst/cdc_aresetn/syncstages_ff_reg[1]/C
                            (rising edge-triggered cell FDRE clocked by clk_fpga_0  {rise@0.000ns fall@5.000ns period=10.000ns})
  Destination:            design_1_i/axi_smc/inst/sc_ul/inst/gen_axi_full_nxm.sasd_inst/gen_read.r_repeat_reg[2]/R
                            (rising edge-triggered cell FDRE clocked by clk_fpga_0  {rise@0.000ns fall@5.000ns period=10.000ns})
  Path Group:             clk_fpga_0
  Path Type:              Setup (Max at Slow Process Corner)
  Requirement:            10.000ns  (clk_fpga_0 rise@10.000ns - clk_fpga_0 rise@0.000ns)
  Data Path Delay:        5.428ns  (logic 0.746ns (13.744%)  route 4.682ns (86.256%))
  Logic Levels:           1  (LUT1=1)
  Clock Path Skew:        -0.033ns (DCD - SCD + CPR)
    Destination Clock Delay (DCD):    2.651ns = ( 12.651 - 10.000 ) 
    Source Clock Delay      (SCD):    2.947ns
    Clock Pessimism Removal (CPR):    0.263ns
  Clock Uncertainty:      0.154ns  ((TSJ^2 + TIJ^2)^1/2 + DJ) / 2 + PE
    Total System Jitter     (TSJ):    0.071ns
    Total Input Jitter      (TIJ):    0.300ns
    Discrete Jitter          (DJ):    0.000ns
    Phase Error              (PE):    0.000ns

    Location             Delay type                Incr(ns)  Path(ns)    Netlist Resource(s)
  -------------------------------------------------------------------    -------------------
                         (clock clk_fpga_0 rise edge)
                                                      0.000     0.000 r  <hidden>
    PS7_X0Y0             PS7                          0.000     0.000 r  design_1_i/processing_system7_0/inst/PS7_i/FCLKCLK[0]
                         net (fo=1, routed)           1.193     1.193    design_1_i/processing_system7_0/inst/FCLK_CLK_unbuffered[0]
    BUFGCTRL_X0Y16       BUFG (Prop_bufg_I_O)         0.101     1.294 r  design_1_i/processing_system7_0/inst/buffer_fclk_clk_0.FCLK_CLK_0_BUFG/O
                         net (fo=547, routed)         1.653     2.947    design_1_i/axi_smc/inst/sc_ul/inst/cdc_aresetn/dest_clk
    SLICE_X33Y97         FDRE                                         r  design_1_i/axi_smc/inst/sc_ul/inst/cdc_aresetn/syncstages_ff_reg[1]/C
  -------------------------------------------------------------------    -------------------
    SLICE_X33Y97         FDRE (Prop_fdre_C_Q)         0.419     3.366 f  design_1_i/axi_smc/inst/sc_ul/inst/cdc_aresetn/syncstages_ff_reg[1]/Q
                         net (fo=5, routed)           0.859     4.225    design_1_i/axi_smc/inst/sc_ul/inst/gen_axi_full_nxm.sasd_inst/dest_rst
    SLICE_X34Y97         LUT1 (Prop_lut1_I0_O)        0.327     4.552 r  design_1_i/axi_smc/inst/sc_ul/inst/gen_axi_full_nxm.sasd_inst/gen_read.s_axi_arready_vec_i[0]_i_1/O
                         net (fo=154, routed)         3.822     8.375    design_1_i/axi_smc/inst/sc_ul/inst/gen_axi_full_nxm.sasd_inst/gen_read.s_axi_arready_vec_i[0]_i_1_n_0
    SLICE_X33Y83         FDRE                                         r  design_1_i/axi_smc/inst/sc_ul/inst/gen_axi_full_nxm.sasd_inst/gen_read.r_repeat_reg[2]/R
  -------------------------------------------------------------------    -------------------

                         (clock clk_fpga_0 rise edge)
                                                     10.000    10.000 r  <hidden>
    PS7_X0Y0             PS7                          0.000    10.000 r  design_1_i/processing_system7_0/inst/PS7_i/FCLKCLK[0]
                         net (fo=1, routed)           1.088    11.088    design_1_i/processing_system7_0/inst/FCLK_CLK_unbuffered[0]
    BUFGCTRL_X0Y16       BUFG (Prop_bufg_I_O)         0.091    11.179 r  design_1_i/processing_system7_0/inst/buffer_fclk_clk_0.FCLK_CLK_0_BUFG/O
                         net (fo=547, routed)         1.472    12.651    design_1_i/axi_smc/inst/sc_ul/inst/gen_axi_full_nxm.sasd_inst/aclk
    SLICE_X33Y83         FDRE                                         r  design_1_i/axi_smc/inst/sc_ul/inst/gen_axi_full_nxm.sasd_inst/gen_read.r_repeat_reg[2]/C
                         clock pessimism              0.263    12.914    <hidden>
                         clock uncertainty           -0.154    12.760    <hidden>
    SLICE_X33Y83         FDRE (Setup_fdre_C_R)       -0.653    12.107    design_1_i/axi_smc/inst/sc_ul/inst/gen_axi_full_nxm.sasd_inst/gen_read.r_repeat_reg[2]
  -------------------------------------------------------------------
                         required time                         12.107    <hidden>
                         arrival time                          -8.375    <hidden>
  -------------------------------------------------------------------
                         slack                                  3.732    <hidden>

Slack (MET) :             3.732ns  (required time - arrival time)
  Source:                 design_1_i/axi_smc/inst/sc_ul/inst/cdc_aresetn/syncstages_ff_reg[1]/C
                            (rising edge-triggered cell FDRE clocked by clk_fpga_0  {rise@0.000ns fall@5.000ns period=10.000ns})
  Destination:            design_1_i/axi_smc/inst/sc_ul/inst/gen_axi_full_nxm.sasd_inst/gen_read.r_repeat_reg[3]/R
                            (rising edge-triggered cell FDRE clocked by clk_fpga_0  {rise@0.000ns fall@5.000ns period=10.000ns})
  Path Group:             clk_fpga_0
  Path Type:              Setup (Max at Slow Process Corner)
  Requirement:            10.000ns  (clk_fpga_0 rise@10.000ns - clk_fpga_0 rise@0.000ns)
  Data Path Delay:        5.428ns  (logic 0.746ns (13.744%)  route 4.682ns (86.256%))
  Logic Levels:           1  (LUT1=1)
  Clock Path Skew:        -0.033ns (DCD - SCD + CPR)
    Destination Clock Delay (DCD):    2.651ns = ( 12.651 - 10.000 ) 
    Source Clock Delay      (SCD):    2.947ns
    Clock Pessimism Removal (CPR):    0.263ns
  Clock Uncertainty:      0.154ns  ((TSJ^2 + TIJ^2)^1/2 + DJ) / 2 + PE
    Total System Jitter     (TSJ):    0.071ns
    Total Input Jitter      (TIJ):    0.300ns
    Discrete Jitter          (DJ):    0.000ns
    Phase Error              (PE):    0.000ns

    Location             Delay type                Incr(ns)  Path(ns)    Netlist Resource(s)
  -------------------------------------------------------------------    -------------------
                         (clock clk_fpga_0 rise edge)
                                                      0.000     0.000 r  <hidden>
    PS7_X0Y0             PS7                          0.000     0.000 r  design_1_i/processing_system7_0/inst/PS7_i/FCLKCLK[0]
                         net (fo=1, routed)           1.193     1.193    design_1_i/processing_system7_0/inst/FCLK_CLK_unbuffered[0]
    BUFGCTRL_X0Y16       BUFG (Prop_bufg_I_O)         0.101     1.294 r  design_1_i/processing_system7_0/inst/buffer_fclk_clk_0.FCLK_CLK_0_BUFG/O
                         net (fo=547, routed)         1.653     2.947    design_1_i/axi_smc/inst/sc_ul/inst/cdc_aresetn/dest_clk
    SLICE_X33Y97         FDRE                                         r  design_1_i/axi_smc/inst/sc_ul/inst/cdc_aresetn/syncstages_ff_reg[1]/C
  -------------------------------------------------------------------    -------------------
    SLICE_X33Y97         FDRE (Prop_fdre_C_Q)         0.419     3.366 f  design_1_i/axi_smc/inst/sc_ul/inst/cdc_aresetn/syncstages_ff_reg[1]/Q
                         net (fo=5, routed)           0.859     4.225    design_1_i/axi_smc/inst/sc_ul/inst/gen_axi_full_nxm.sasd_inst/dest_rst
    SLICE_X34Y97         LUT1 (Prop_lut1_I0_O)        0.327     4.552 r  design_1_i/axi_smc/inst/sc_ul/inst/gen_axi_full_nxm.sasd_inst/gen_read.s_axi_arready_vec_i[0]_i_1/O
                         net (fo=154, routed)         3.822     8.375    design_1_i/axi_smc/inst/sc_ul/inst/gen_axi_full_nxm.sasd_inst/gen_read.s_axi_arready_vec_i[0]_i_1_n_0
    SLICE_X33Y83         FDRE                                         r  design_1_i/axi_smc/inst/sc_ul/inst/gen_axi_full_nxm.sasd_inst/gen_read.r_repeat_reg[3]/R
  -------------------------------------------------------------------    -------------------

                         (clock clk_fpga_0 rise edge)
                                                     10.000    10.000 r  <hidden>
    PS7_X0Y0             PS7                          0.000    10.000 r  design_1_i/processing_system7_0/inst/PS7_i/FCLKCLK[0]
                         net (fo=1, routed)           1.088    11.088    design_1_i/processing_system7_0/inst/FCLK_CLK_unbuffered[0]
    BUFGCTRL_X0Y16       BUFG (Prop_bufg_I_O)         0.091    11.179 r  design_1_i/processing_system7_0/inst/buffer_fclk_clk_0.FCLK_CLK_0_BUFG/O
                         net (fo=547, routed)         1.472    12.651    design_1_i/axi_smc/inst/sc_ul/inst/gen_axi_full_nxm.sasd_inst/aclk
    SLICE_X33Y83         FDRE                                         r  design_1_i/axi_smc/inst/sc_ul/inst/gen_axi_full_nxm.sasd_inst/gen_read.r_repeat_reg[3]/C
                         clock pessimism              0.263    12.914    <hidden>
                         clock uncertainty           -0.154    12.760    <hidden>
    SLICE_X33Y83         FDRE (Setup_fdre_C_R)       -0.653    12.107    design_1_i/axi_smc/inst/sc_ul/inst/gen_axi_full_nxm.sasd_inst/gen_read.r_repeat_reg[3]
  -------------------------------------------------------------------
                         required time                         12.107    <hidden>
                         arrival time                          -8.375    <hidden>
  -------------------------------------------------------------------
                         slack                                  3.732    <hidden>

Slack (MET) :             3.732ns  (required time - arrival time)
  Source:                 design_1_i/axi_smc/inst/sc_ul/inst/cdc_aresetn/syncstages_ff_reg[1]/C
                            (rising edge-triggered cell FDRE clocked by clk_fpga_0  {rise@0.000ns fall@5.000ns period=10.000ns})
  Destination:            design_1_i/axi_smc/inst/sc_ul/inst/gen_axi_full_nxm.sasd_inst/gen_read.r_repeat_reg[4]/R
                            (rising edge-triggered cell FDRE clocked by clk_fpga_0  {rise@0.000ns fall@5.000ns period=10.000ns})
  Path Group:             clk_fpga_0
  Path Type:              Setup (Max at Slow Process Corner)
  Requirement:            10.000ns  (clk_fpga_0 rise@10.000ns - clk_fpga_0 rise@0.000ns)
  Data Path Delay:        5.428ns  (logic 0.746ns (13.744%)  route 4.682ns (86.256%))
  Logic Levels:           1  (LUT1=1)
  Clock Path Skew:        -0.033ns (DCD - SCD + CPR)
    Destination Clock Delay (DCD):    2.651ns = ( 12.651 - 10.000 ) 
    Source Clock Delay      (SCD):    2.947ns
    Clock Pessimism Removal (CPR):    0.263ns
  Clock Uncertainty:      0.154ns  ((TSJ^2 + TIJ^2)^1/2 + DJ) / 2 + PE
    Total System Jitter     (TSJ):    0.071ns
    Total Input Jitter      (TIJ):    0.300ns
    Discrete Jitter          (DJ):    0.000ns
    Phase Error              (PE):    0.000ns

    Location             Delay type                Incr(ns)  Path(ns)    Netlist Resource(s)
  -------------------------------------------------------------------    -------------------
                         (clock clk_fpga_0 rise edge)
                                                      0.000     0.000 r  <hidden>
    PS7_X0Y0             PS7                          0.000     0.000 r  design_1_i/processing_system7_0/inst/PS7_i/FCLKCLK[0]
                         net (fo=1, routed)           1.193     1.193    design_1_i/processing_system7_0/inst/FCLK_CLK_unbuffered[0]
    BUFGCTRL_X0Y16       BUFG (Prop_bufg_I_O)         0.101     1.294 r  design_1_i/processing_system7_0/inst/buffer_fclk_clk_0.FCLK_CLK_0_BUFG/O
                         net (fo=547, routed)         1.653     2.947    design_1_i/axi_smc/inst/sc_ul/inst/cdc_aresetn/dest_clk
    SLICE_X33Y97         FDRE                                         r  design_1_i/axi_smc/inst/sc_ul/inst/cdc_aresetn/syncstages_ff_reg[1]/C
  -------------------------------------------------------------------    -------------------
    SLICE_X33Y97         FDRE (Prop_fdre_C_Q)         0.419     3.366 f  design_1_i/axi_smc/inst/sc_ul/inst/cdc_aresetn/syncstages_ff_reg[1]/Q
                         net (fo=5, routed)           0.859     4.225    design_1_i/axi_smc/inst/sc_ul/inst/gen_axi_full_nxm.sasd_inst/dest_rst
    SLICE_X34Y97         LUT1 (Prop_lut1_I0_O)        0.327     4.552 r  design_1_i/axi_smc/inst/sc_ul/inst/gen_axi_full_nxm.sasd_inst/gen_read.s_axi_arready_vec_i[0]_i_1/O
                         net (fo=154, routed)         3.822     8.375    design_1_i/axi_smc/inst/sc_ul/inst/gen_axi_full_nxm.sasd_inst/gen_read.s_axi_arready_vec_i[0]_i_1_n_0
    SLICE_X33Y83         FDRE                                         r  design_1_i/axi_smc/inst/sc_ul/inst/gen_axi_full_nxm.sasd_inst/gen_read.r_repeat_reg[4]/R
  -------------------------------------------------------------------    -------------------

                         (clock clk_fpga_0 rise edge)
                                                     10.000    10.000 r  <hidden>
    PS7_X0Y0             PS7                          0.000    10.000 r  design_1_i/processing_system7_0/inst/PS7_i/FCLKCLK[0]
                         net (fo=1, routed)           1.088    11.088    design_1_i/processing_system7_0/inst/FCLK_CLK_unbuffered[0]
    BUFGCTRL_X0Y16       BUFG (Prop_bufg_I_O)         0.091    11.179 r  design_1_i/processing_system7_0/inst/buffer_fclk_clk_0.FCLK_CLK_0_BUFG/O
                         net (fo=547, routed)         1.472    12.651    design_1_i/axi_smc/inst/sc_ul/inst/gen_axi_full_nxm.sasd_inst/aclk
    SLICE_X33Y83         FDRE                                         r  design_1_i/axi_smc/inst/sc_ul/inst/gen_axi_full_nxm.sasd_inst/gen_read.r_repeat_reg[4]/C
                         clock pessimism              0.263    12.914    <hidden>
                         clock uncertainty           -0.154    12.760    <hidden>
    SLICE_X33Y83         FDRE (Setup_fdre_C_R)       -0.653    12.107    design_1_i/axi_smc/inst/sc_ul/inst/gen_axi_full_nxm.sasd_inst/gen_read.r_repeat_reg[4]
  -------------------------------------------------------------------
                         required time                         12.107    <hidden>
                         arrival time                          -8.375    <hidden>
  -------------------------------------------------------------------
                         slack                                  3.732    <hidden>

Slack (MET) :             3.779ns  (required time - arrival time)
  Source:                 design_1_i/axi_smc/inst/sc_ul/inst/cdc_aresetn/syncstages_ff_reg[1]/C
                            (rising edge-triggered cell FDRE clocked by clk_fpga_0  {rise@0.000ns fall@5.000ns period=10.000ns})
  Destination:            design_1_i/axi_smc/inst/sc_ul/inst/gen_axi_full_nxm.sasd_inst/gen_read.last_r_repeat_reg/R
                            (rising edge-triggered cell FDRE clocked by clk_fpga_0  {rise@0.000ns fall@5.000ns period=10.000ns})
  Path Group:             clk_fpga_0
  Path Type:              Setup (Max at Slow Process Corner)
  Requirement:            10.000ns  (clk_fpga_0 rise@10.000ns - clk_fpga_0 rise@0.000ns)
  Data Path Delay:        5.287ns  (logic 0.746ns (14.111%)  route 4.541ns (85.889%))
  Logic Levels:           1  (LUT1=1)
  Clock Path Skew:        -0.032ns (DCD - SCD + CPR)
    Destination Clock Delay (DCD):    2.652ns = ( 12.652 - 10.000 ) 
    Source Clock Delay      (SCD):    2.947ns
    Clock Pessimism Removal (CPR):    0.263ns
  Clock Uncertainty:      0.154ns  ((TSJ^2 + TIJ^2)^1/2 + DJ) / 2 + PE
    Total System Jitter     (TSJ):    0.071ns
    Total Input Jitter      (TIJ):    0.300ns
    Discrete Jitter          (DJ):    0.000ns
    Phase Error              (PE):    0.000ns

    Location             Delay type                Incr(ns)  Path(ns)    Netlist Resource(s)
  -------------------------------------------------------------------    -------------------
                         (clock clk_fpga_0 rise edge)
                                                      0.000     0.000 r  <hidden>
    PS7_X0Y0             PS7                          0.000     0.000 r  design_1_i/processing_system7_0/inst/PS7_i/FCLKCLK[0]
                         net (fo=1, routed)           1.193     1.193    design_1_i/processing_system7_0/inst/FCLK_CLK_unbuffered[0]
    BUFGCTRL_X0Y16       BUFG (Prop_bufg_I_O)         0.101     1.294 r  design_1_i/processing_system7_0/inst/buffer_fclk_clk_0.FCLK_CLK_0_BUFG/O
                         net (fo=547, routed)         1.653     2.947    design_1_i/axi_smc/inst/sc_ul/inst/cdc_aresetn/dest_clk
    SLICE_X33Y97         FDRE                                         r  design_1_i/axi_smc/inst/sc_ul/inst/cdc_aresetn/syncstages_ff_reg[1]/C
  -------------------------------------------------------------------    -------------------
    SLICE_X33Y97         FDRE (Prop_fdre_C_Q)         0.419     3.366 f  design_1_i/axi_smc/inst/sc_ul/inst/cdc_aresetn/syncstages_ff_reg[1]/Q
                         net (fo=5, routed)           0.859     4.225    design_1_i/axi_smc/inst/sc_ul/inst/gen_axi_full_nxm.sasd_inst/dest_rst
    SLICE_X34Y97         LUT1 (Prop_lut1_I0_O)        0.327     4.552 r  design_1_i/axi_smc/inst/sc_ul/inst/gen_axi_full_nxm.sasd_inst/gen_read.s_axi_arready_vec_i[0]_i_1/O
                         net (fo=154, routed)         3.682     8.234    design_1_i/axi_smc/inst/sc_ul/inst/gen_axi_full_nxm.sasd_inst/gen_read.s_axi_arready_vec_i[0]_i_1_n_0
    SLICE_X32Y84         FDRE                                         r  design_1_i/axi_smc/inst/sc_ul/inst/gen_axi_full_nxm.sasd_inst/gen_read.last_r_repeat_reg/R
  -------------------------------------------------------------------    -------------------

                         (clock clk_fpga_0 rise edge)
                                                     10.000    10.000 r  <hidden>
    PS7_X0Y0             PS7                          0.000    10.000 r  design_1_i/processing_system7_0/inst/PS7_i/FCLKCLK[0]
                         net (fo=1, routed)           1.088    11.088    design_1_i/processing_system7_0/inst/FCLK_CLK_unbuffered[0]
    BUFGCTRL_X0Y16       BUFG (Prop_bufg_I_O)         0.091    11.179 r  design_1_i/processing_system7_0/inst/buffer_fclk_clk_0.FCLK_CLK_0_BUFG/O
                         net (fo=547, routed)         1.473    12.652    design_1_i/axi_smc/inst/sc_ul/inst/gen_axi_full_nxm.sasd_inst/aclk
    SLICE_X32Y84         FDRE                                         r  design_1_i/axi_smc/inst/sc_ul/inst/gen_axi_full_nxm.sasd_inst/gen_read.last_r_repeat_reg/C
                         clock pessimism              0.263    12.915    <hidden>
                         clock uncertainty           -0.154    12.761    <hidden>
    SLICE_X32Y84         FDRE (Setup_fdre_C_R)       -0.748    12.013    design_1_i/axi_smc/inst/sc_ul/inst/gen_axi_full_nxm.sasd_inst/gen_read.last_r_repeat_reg
  -------------------------------------------------------------------
                         required time                         12.013    <hidden>
                         arrival time                          -8.234    <hidden>
  -------------------------------------------------------------------
                         slack                                  3.779    <hidden>

Slack (MET) :             3.796ns  (required time - arrival time)
  Source:                 design_1_i/axi_smc/inst/sc_ul/inst/cdc_aresetn/syncstages_ff_reg[1]/C
                            (rising edge-triggered cell FDRE clocked by clk_fpga_0  {rise@0.000ns fall@5.000ns period=10.000ns})
  Destination:            design_1_i/axi_smc/inst/sc_ul/inst/gen_axi_full_nxm.sasd_inst/gen_read.s_axi_rlast_vec_i_reg[0]/R
                            (rising edge-triggered cell FDRE clocked by clk_fpga_0  {rise@0.000ns fall@5.000ns period=10.000ns})
  Path Group:             clk_fpga_0
  Path Type:              Setup (Max at Slow Process Corner)
  Requirement:            10.000ns  (clk_fpga_0 rise@10.000ns - clk_fpga_0 rise@0.000ns)
  Data Path Delay:        5.273ns  (logic 0.746ns (14.149%)  route 4.527ns (85.851%))
  Logic Levels:           1  (LUT1=1)
  Clock Path Skew:        -0.029ns (DCD - SCD + CPR)
    Destination Clock Delay (DCD):    2.655ns = ( 12.655 - 10.000 ) 
    Source Clock Delay      (SCD):    2.947ns
    Clock Pessimism Removal (CPR):    0.263ns
  Clock Uncertainty:      0.154ns  ((TSJ^2 + TIJ^2)^1/2 + DJ) / 2 + PE
    Total System Jitter     (TSJ):    0.071ns
    Total Input Jitter      (TIJ):    0.300ns
    Discrete Jitter          (DJ):    0.000ns
    Phase Error              (PE):    0.000ns

    Location             Delay type                Incr(ns)  Path(ns)    Netlist Resource(s)
  -------------------------------------------------------------------    -------------------
                         (clock clk_fpga_0 rise edge)
                                                      0.000     0.000 r  <hidden>
    PS7_X0Y0             PS7                          0.000     0.000 r  design_1_i/processing_system7_0/inst/PS7_i/FCLKCLK[0]
                         net (fo=1, routed)           1.193     1.193    design_1_i/processing_system7_0/inst/FCLK_CLK_unbuffered[0]
    BUFGCTRL_X0Y16       BUFG (Prop_bufg_I_O)         0.101     1.294 r  design_1_i/processing_system7_0/inst/buffer_fclk_clk_0.FCLK_CLK_0_BUFG/O
                         net (fo=547, routed)         1.653     2.947    design_1_i/axi_smc/inst/sc_ul/inst/cdc_aresetn/dest_clk
    SLICE_X33Y97         FDRE                                         r  design_1_i/axi_smc/inst/sc_ul/inst/cdc_aresetn/syncstages_ff_reg[1]/C
  -------------------------------------------------------------------    -------------------
    SLICE_X33Y97         FDRE (Prop_fdre_C_Q)         0.419     3.366 f  design_1_i/axi_smc/inst/sc_ul/inst/cdc_aresetn/syncstages_ff_reg[1]/Q
                         net (fo=5, routed)           0.859     4.225    design_1_i/axi_smc/inst/sc_ul/inst/gen_axi_full_nxm.sasd_inst/dest_rst
    SLICE_X34Y97         LUT1 (Prop_lut1_I0_O)        0.327     4.552 r  design_1_i/axi_smc/inst/sc_ul/inst/gen_axi_full_nxm.sasd_inst/gen_read.s_axi_arready_vec_i[0]_i_1/O
                         net (fo=154, routed)         3.667     8.220    design_1_i/axi_smc/inst/sc_ul/inst/gen_axi_full_nxm.sasd_inst/gen_read.s_axi_arready_vec_i[0]_i_1_n_0
    SLICE_X32Y88         FDRE                                         r  design_1_i/axi_smc/inst/sc_ul/inst/gen_axi_full_nxm.sasd_inst/gen_read.s_axi_rlast_vec_i_reg[0]/R
  -------------------------------------------------------------------    -------------------

                         (clock clk_fpga_0 rise edge)
                                                     10.000    10.000 r  <hidden>
    PS7_X0Y0             PS7                          0.000    10.000 r  design_1_i/processing_system7_0/inst/PS7_i/FCLKCLK[0]
                         net (fo=1, routed)           1.088    11.088    design_1_i/processing_system7_0/inst/FCLK_CLK_unbuffered[0]
    BUFGCTRL_X0Y16       BUFG (Prop_bufg_I_O)         0.091    11.179 r  design_1_i/processing_system7_0/inst/buffer_fclk_clk_0.FCLK_CLK_0_BUFG/O
                         net (fo=547, routed)         1.476    12.655    design_1_i/axi_smc/inst/sc_ul/inst/gen_axi_full_nxm.sasd_inst/aclk
    SLICE_X32Y88         FDRE                                         r  design_1_i/axi_smc/inst/sc_ul/inst/gen_axi_full_nxm.sasd_inst/gen_read.s_axi_rlast_vec_i_reg[0]/C
                         clock pessimism              0.263    12.918    <hidden>
                         clock uncertainty           -0.154    12.764    <hidden>
    SLICE_X32Y88         FDRE (Setup_fdre_C_R)       -0.748    12.016    design_1_i/axi_smc/inst/sc_ul/inst/gen_axi_full_nxm.sasd_inst/gen_read.s_axi_rlast_vec_i_reg[0]
  -------------------------------------------------------------------
                         required time                         12.016    <hidden>
                         arrival time                          -8.220    <hidden>
  -------------------------------------------------------------------
                         slack                                  3.796    <hidden>





Min Delay Paths
--------------------------------------------------------------------------------------
Slack (MET) :             0.052ns  (arrival time - required time)
  Source:                 design_1_i/axi_smc/inst/sc_ul/inst/gen_axi_full_nxm.sasd_inst/gen_write.m_wdata_reg[25]/C
                            (rising edge-triggered cell FDRE clocked by clk_fpga_0  {rise@0.000ns fall@5.000ns period=10.000ns})
  Destination:            design_1_i/math_accelerator_0/inst/math_accelerator_slave_lite_v1_0_S00_AXI_inst/slv_reg0_reg[25]/D
                            (rising edge-triggered cell FDRE clocked by clk_fpga_0  {rise@0.000ns fall@5.000ns period=10.000ns})
  Path Group:             clk_fpga_0
  Path Type:              Hold (Min at Fast Process Corner)
  Requirement:            0.000ns  (clk_fpga_0 rise@0.000ns - clk_fpga_0 rise@0.000ns)
  Data Path Delay:        0.280ns  (logic 0.141ns (50.385%)  route 0.139ns (49.615%))
  Logic Levels:           0  
  Clock Path Skew:        0.181ns (DCD - SCD - CPR)
    Destination Clock Delay (DCD):    1.211ns
    Source Clock Delay      (SCD):    0.995ns
    Clock Pessimism Removal (CPR):    0.035ns

    Location             Delay type                Incr(ns)  Path(ns)    Netlist Resource(s)
  -------------------------------------------------------------------    -------------------
                         (clock clk_fpga_0 rise edge)
                                                      0.000     0.000 r  <hidden>
    PS7_X0Y0             PS7                          0.000     0.000 r  design_1_i/processing_system7_0/inst/PS7_i/FCLKCLK[0]
                         net (fo=1, routed)           0.310     0.310    design_1_i/processing_system7_0/inst/FCLK_CLK_unbuffered[0]
    BUFGCTRL_X0Y16       BUFG (Prop_bufg_I_O)         0.026     0.336 r  design_1_i/processing_system7_0/inst/buffer_fclk_clk_0.FCLK_CLK_0_BUFG/O
                         net (fo=547, routed)         0.659     0.995    design_1_i/axi_smc/inst/sc_ul/inst/gen_axi_full_nxm.sasd_inst/aclk
    SLICE_X28Y100        FDRE                                         r  design_1_i/axi_smc/inst/sc_ul/inst/gen_axi_full_nxm.sasd_inst/gen_write.m_wdata_reg[25]/C
  -------------------------------------------------------------------    -------------------
    SLICE_X28Y100        FDRE (Prop_fdre_C_Q)         0.141     1.136 r  design_1_i/axi_smc/inst/sc_ul/inst/gen_axi_full_nxm.sasd_inst/gen_write.m_wdata_reg[25]/Q
                         net (fo=3, routed)           0.139     1.275    design_1_i/math_accelerator_0/inst/math_accelerator_slave_lite_v1_0_S00_AXI_inst/s00_axi_wdata[25]
    SLICE_X29Y99         FDRE                                         r  design_1_i/math_accelerator_0/inst/math_accelerator_slave_lite_v1_0_S00_AXI_inst/slv_reg0_reg[25]/D
  -------------------------------------------------------------------    -------------------

                         (clock clk_fpga_0 rise edge)
                                                      0.000     0.000 r  <hidden>
    PS7_X0Y0             PS7                          0.000     0.000 r  design_1_i/processing_system7_0/inst/PS7_i/FCLKCLK[0]
                         net (fo=1, routed)           0.337     0.337    design_1_i/processing_system7_0/inst/FCLK_CLK_unbuffered[0]
    BUFGCTRL_X0Y16       BUFG (Prop_bufg_I_O)         0.029     0.366 r  design_1_i/processing_system7_0/inst/buffer_fclk_clk_0.FCLK_CLK_0_BUFG/O
                         net (fo=547, routed)         0.845     1.211    design_1_i/math_accelerator_0/inst/math_accelerator_slave_lite_v1_0_S00_AXI_inst/s00_axi_aclk
    SLICE_X29Y99         FDRE                                         r  design_1_i/math_accelerator_0/inst/math_accelerator_slave_lite_v1_0_S00_AXI_inst/slv_reg0_reg[25]/C
                         clock pessimism             -0.035     1.176    <hidden>
    SLICE_X29Y99         FDRE (Hold_fdre_C_D)         0.047     1.223    design_1_i/math_accelerator_0/inst/math_accelerator_slave_lite_v1_0_S00_AXI_inst/slv_reg0_reg[25]
  -------------------------------------------------------------------
                         required time                         -1.223    <hidden>
                         arrival time                           1.275    <hidden>
  -------------------------------------------------------------------
                         slack                                  0.052    <hidden>

Slack (MET) :             0.067ns  (arrival time - required time)
  Source:                 design_1_i/axi_smc/inst/sc_ul/inst/gen_axi_full_nxm.sasd_inst/gen_write.m_wdata_reg[23]/C
                            (rising edge-triggered cell FDRE clocked by clk_fpga_0  {rise@0.000ns fall@5.000ns period=10.000ns})
  Destination:            design_1_i/math_accelerator_0/inst/math_accelerator_slave_lite_v1_0_S00_AXI_inst/slv_reg3_reg[23]/D
                            (rising edge-triggered cell FDRE clocked by clk_fpga_0  {rise@0.000ns fall@5.000ns period=10.000ns})
  Path Group:             clk_fpga_0
  Path Type:              Hold (Min at Fast Process Corner)
  Requirement:            0.000ns  (clk_fpga_0 rise@0.000ns - clk_fpga_0 rise@0.000ns)
  Data Path Delay:        0.425ns  (logic 0.128ns (30.085%)  route 0.297ns (69.915%))
  Logic Levels:           0  
  Clock Path Skew:        0.349ns (DCD - SCD - CPR)
    Destination Clock Delay (DCD):    1.297ns
    Source Clock Delay      (SCD):    0.913ns
    Clock Pessimism Removal (CPR):    0.035ns

    Location             Delay type                Incr(ns)  Path(ns)    Netlist Resource(s)
  -------------------------------------------------------------------    -------------------
                         (clock clk_fpga_0 rise edge)
                                                      0.000     0.000 r  <hidden>
    PS7_X0Y0             PS7                          0.000     0.000 r  design_1_i/processing_system7_0/inst/PS7_i/FCLKCLK[0]
                         net (fo=1, routed)           0.310     0.310    design_1_i/processing_system7_0/inst/FCLK_CLK_unbuffered[0]
    BUFGCTRL_X0Y16       BUFG (Prop_bufg_I_O)         0.026     0.336 r  design_1_i/processing_system7_0/inst/buffer_fclk_clk_0.FCLK_CLK_0_BUFG/O
                         net (fo=547, routed)         0.577     0.913    design_1_i/axi_smc/inst/sc_ul/inst/gen_axi_full_nxm.sasd_inst/aclk
    SLICE_X29Y97         FDRE                                         r  design_1_i/axi_smc/inst/sc_ul/inst/gen_axi_full_nxm.sasd_inst/gen_write.m_wdata_reg[23]/C
  -------------------------------------------------------------------    -------------------
    SLICE_X29Y97         FDRE (Prop_fdre_C_Q)         0.128     1.041 r  design_1_i/axi_smc/inst/sc_ul/inst/gen_axi_full_nxm.sasd_inst/gen_write.m_wdata_reg[23]/Q
                         net (fo=3, routed)           0.297     1.338    design_1_i/math_accelerator_0/inst/math_accelerator_slave_lite_v1_0_S00_AXI_inst/s00_axi_wdata[23]
    SLICE_X30Y101        FDRE                                         r  design_1_i/math_accelerator_0/inst/math_accelerator_slave_lite_v1_0_S00_AXI_inst/slv_reg3_reg[23]/D
  -------------------------------------------------------------------    -------------------

                         (clock clk_fpga_0 rise edge)
                                                      0.000     0.000 r  <hidden>
    PS7_X0Y0             PS7                          0.000     0.000 r  design_1_i/processing_system7_0/inst/PS7_i/FCLKCLK[0]
                         net (fo=1, routed)           0.337     0.337    design_1_i/processing_system7_0/inst/FCLK_CLK_unbuffered[0]
    BUFGCTRL_X0Y16       BUFG (Prop_bufg_I_O)         0.029     0.366 r  design_1_i/processing_system7_0/inst/buffer_fclk_clk_0.FCLK_CLK_0_BUFG/O
                         net (fo=547, routed)         0.931     1.297    design_1_i/math_accelerator_0/inst/math_accelerator_slave_lite_v1_0_S00_AXI_inst/s00_axi_aclk
    SLICE_X30Y101        FDRE                                         r  design_1_i/math_accelerator_0/inst/math_accelerator_slave_lite_v1_0_S00_AXI_inst/slv_reg3_reg[23]/C
                         clock pessimism             -0.035     1.262    <hidden>
    SLICE_X30Y101        FDRE (Hold_fdre_C_D)         0.009     1.271    design_1_i/math_accelerator_0/inst/math_accelerator_slave_lite_v1_0_S00_AXI_inst/slv_reg3_reg[23]
  -------------------------------------------------------------------
                         required time                         -1.271    <hidden>
                         arrival time                           1.338    <hidden>
  -------------------------------------------------------------------
                         slack                                  0.067    <hidden>

Slack (MET) :             0.083ns  (arrival time - required time)
  Source:                 design_1_i/math_accelerator_0/inst/math_accelerator_slave_lite_v1_0_S00_AXI_inst/slv_reg3_reg[19]/C
                            (rising edge-triggered cell FDRE clocked by clk_fpga_0  {rise@0.000ns fall@5.000ns period=10.000ns})
  Destination:            design_1_i/axi_smc/inst/sc_ul/inst/gen_axi_full_nxm.sasd_inst/gen_read.rdata_mux/dout_i1_reg[19]/D
                            (rising edge-triggered cell FDRE clocked by clk_fpga_0  {rise@0.000ns fall@5.000ns period=10.000ns})
  Path Group:             clk_fpga_0
  Path Type:              Hold (Min at Fast Process Corner)
  Requirement:            0.000ns  (clk_fpga_0 rise@0.000ns - clk_fpga_0 rise@0.000ns)
  Data Path Delay:        0.385ns  (logic 0.209ns (54.319%)  route 0.176ns (45.681%))
  Logic Levels:           1  (LUT6=1)
  Clock Path Skew:        0.181ns (DCD - SCD - CPR)
    Destination Clock Delay (DCD):    1.211ns
    Source Clock Delay      (SCD):    0.995ns
    Clock Pessimism Removal (CPR):    0.035ns

    Location             Delay type                Incr(ns)  Path(ns)    Netlist Resource(s)
  -------------------------------------------------------------------    -------------------
                         (clock clk_fpga_0 rise edge)
                                                      0.000     0.000 r  <hidden>
    PS7_X0Y0             PS7                          0.000     0.000 r  design_1_i/processing_system7_0/inst/PS7_i/FCLKCLK[0]
                         net (fo=1, routed)           0.310     0.310    design_1_i/processing_system7_0/inst/FCLK_CLK_unbuffered[0]
    BUFGCTRL_X0Y16       BUFG (Prop_bufg_I_O)         0.026     0.336 r  design_1_i/processing_system7_0/inst/buffer_fclk_clk_0.FCLK_CLK_0_BUFG/O
                         net (fo=547, routed)         0.659     0.995    design_1_i/math_accelerator_0/inst/math_accelerator_slave_lite_v1_0_S00_AXI_inst/s00_axi_aclk
    SLICE_X30Y101        FDRE                                         r  design_1_i/math_accelerator_0/inst/math_accelerator_slave_lite_v1_0_S00_AXI_inst/slv_reg3_reg[19]/C
  -------------------------------------------------------------------    -------------------
    SLICE_X30Y101        FDRE (Prop_fdre_C_Q)         0.164     1.159 r  design_1_i/math_accelerator_0/inst/math_accelerator_slave_lite_v1_0_S00_AXI_inst/slv_reg3_reg[19]/Q
                         net (fo=1, routed)           0.176     1.335    design_1_i/math_accelerator_0/inst/math_accelerator_slave_lite_v1_0_S00_AXI_inst/slv_reg3[19]
    SLICE_X30Y97         LUT6 (Prop_lut6_I2_O)        0.045     1.380 r  design_1_i/math_accelerator_0/inst/math_accelerator_slave_lite_v1_0_S00_AXI_inst/s00_axi_rdata[19]_INST_0/O
                         net (fo=1, routed)           0.000     1.380    design_1_i/axi_smc/inst/sc_ul/inst/gen_axi_full_nxm.sasd_inst/gen_read.rdata_mux/m00_axi_rdata[19]
    SLICE_X30Y97         FDRE                                         r  design_1_i/axi_smc/inst/sc_ul/inst/gen_axi_full_nxm.sasd_inst/gen_read.rdata_mux/dout_i1_reg[19]/D
  -------------------------------------------------------------------    -------------------

                         (clock clk_fpga_0 rise edge)
                                                      0.000     0.000 r  <hidden>
    PS7_X0Y0             PS7                          0.000     0.000 r  design_1_i/processing_system7_0/inst/PS7_i/FCLKCLK[0]
                         net (fo=1, routed)           0.337     0.337    design_1_i/processing_system7_0/inst/FCLK_CLK_unbuffered[0]
    BUFGCTRL_X0Y16       BUFG (Prop_bufg_I_O)         0.029     0.366 r  design_1_i/processing_system7_0/inst/buffer_fclk_clk_0.FCLK_CLK_0_BUFG/O
                         net (fo=547, routed)         0.845     1.211    design_1_i/axi_smc/inst/sc_ul/inst/gen_axi_full_nxm.sasd_inst/gen_read.rdata_mux/aclk
    SLICE_X30Y97         FDRE                                         r  design_1_i/axi_smc/inst/sc_ul/inst/gen_axi_full_nxm.sasd_inst/gen_read.rdata_mux/dout_i1_reg[19]/C
                         clock pessimism             -0.035     1.176    <hidden>
    SLICE_X30Y97         FDRE (Hold_fdre_C_D)         0.121     1.297    design_1_i/axi_smc/inst/sc_ul/inst/gen_axi_full_nxm.sasd_inst/gen_read.rdata_mux/dout_i1_reg[19]
  -------------------------------------------------------------------
                         required time                         -1.297    <hidden>
                         arrival time                           1.380    <hidden>
  -------------------------------------------------------------------
                         slack                                  0.083    <hidden>

Slack (MET) :             0.111ns  (arrival time - required time)
  Source:                 design_1_i/axi_smc/inst/sc_ul/inst/gen_axi_full_nxm.sasd_inst/gen_read.rdata_mux/dout_i1_reg[16]/C
                            (rising edge-triggered cell FDRE clocked by clk_fpga_0  {rise@0.000ns fall@5.000ns period=10.000ns})
  Destination:            design_1_i/axi_smc/inst/sc_ul/inst/gen_axi_full_nxm.sasd_inst/gen_read.s_rdata_reg[16]/D
                            (rising edge-triggered cell FDRE clocked by clk_fpga_0  {rise@0.000ns fall@5.000ns period=10.000ns})
  Path Group:             clk_fpga_0
  Path Type:              Hold (Min at Fast Process Corner)
  Requirement:            0.000ns  (clk_fpga_0 rise@0.000ns - clk_fpga_0 rise@0.000ns)
  Data Path Delay:        0.410ns  (logic 0.186ns (45.311%)  route 0.224ns (54.689%))
  Logic Levels:           1  (LUT4=1)
  Clock Path Skew:        0.179ns (DCD - SCD - CPR)
    Destination Clock Delay (DCD):    1.209ns
    Source Clock Delay      (SCD):    0.995ns
    Clock Pessimism Removal (CPR):    0.035ns

    Location             Delay type                Incr(ns)  Path(ns)    Netlist Resource(s)
  -------------------------------------------------------------------    -------------------
                         (clock clk_fpga_0 rise edge)
                                                      0.000     0.000 r  <hidden>
    PS7_X0Y0             PS7                          0.000     0.000 r  design_1_i/processing_system7_0/inst/PS7_i/FCLKCLK[0]
                         net (fo=1, routed)           0.310     0.310    design_1_i/processing_system7_0/inst/FCLK_CLK_unbuffered[0]
    BUFGCTRL_X0Y16       BUFG (Prop_bufg_I_O)         0.026     0.336 r  design_1_i/processing_system7_0/inst/buffer_fclk_clk_0.FCLK_CLK_0_BUFG/O
                         net (fo=547, routed)         0.659     0.995    design_1_i/axi_smc/inst/sc_ul/inst/gen_axi_full_nxm.sasd_inst/gen_read.rdata_mux/aclk
    SLICE_X31Y100        FDRE                                         r  design_1_i/axi_smc/inst/sc_ul/inst/gen_axi_full_nxm.sasd_inst/gen_read.rdata_mux/dout_i1_reg[16]/C
  -------------------------------------------------------------------    -------------------
    SLICE_X31Y100        FDRE (Prop_fdre_C_Q)         0.141     1.136 r  design_1_i/axi_smc/inst/sc_ul/inst/gen_axi_full_nxm.sasd_inst/gen_read.rdata_mux/dout_i1_reg[16]/Q
                         net (fo=1, routed)           0.224     1.360    design_1_i/axi_smc/inst/sc_ul/inst/gen_axi_full_nxm.sasd_inst/gen_read.rdata_mux/m_rdata[16]
    SLICE_X26Y96         LUT4 (Prop_lut4_I3_O)        0.045     1.405 r  design_1_i/axi_smc/inst/sc_ul/inst/gen_axi_full_nxm.sasd_inst/gen_read.rdata_mux/gen_read.s_rdata[16]_i_1/O
                         net (fo=1, routed)           0.000     1.405    design_1_i/axi_smc/inst/sc_ul/inst/gen_axi_full_nxm.sasd_inst/gen_read.rdata_mux_n_15
    SLICE_X26Y96         FDRE                                         r  design_1_i/axi_smc/inst/sc_ul/inst/gen_axi_full_nxm.sasd_inst/gen_read.s_rdata_reg[16]/D
  -------------------------------------------------------------------    -------------------

                         (clock clk_fpga_0 rise edge)
                                                      0.000     0.000 r  <hidden>
    PS7_X0Y0             PS7                          0.000     0.000 r  design_1_i/processing_system7_0/inst/PS7_i/FCLKCLK[0]
                         net (fo=1, routed)           0.337     0.337    design_1_i/processing_system7_0/inst/FCLK_CLK_unbuffered[0]
    BUFGCTRL_X0Y16       BUFG (Prop_bufg_I_O)         0.029     0.366 r  design_1_i/processing_system7_0/inst/buffer_fclk_clk_0.FCLK_CLK_0_BUFG/O
                         net (fo=547, routed)         0.843     1.209    design_1_i/axi_smc/inst/sc_ul/inst/gen_axi_full_nxm.sasd_inst/aclk
    SLICE_X26Y96         FDRE                                         r  design_1_i/axi_smc/inst/sc_ul/inst/gen_axi_full_nxm.sasd_inst/gen_read.s_rdata_reg[16]/C
                         clock pessimism             -0.035     1.174    <hidden>
    SLICE_X26Y96         FDRE (Hold_fdre_C_D)         0.121     1.295    design_1_i/axi_smc/inst/sc_ul/inst/gen_axi_full_nxm.sasd_inst/gen_read.s_rdata_reg[16]
  -------------------------------------------------------------------
                         required time                         -1.295    <hidden>
                         arrival time                           1.405    <hidden>
  -------------------------------------------------------------------
                         slack                                  0.111    <hidden>

Slack (MET) :             0.115ns  (arrival time - required time)
  Source:                 design_1_i/math_accelerator_0/inst/math_accelerator_slave_lite_v1_0_S00_AXI_inst/slv_reg2_reg[23]/C
                            (rising edge-triggered cell FDRE clocked by clk_fpga_0  {rise@0.000ns fall@5.000ns period=10.000ns})
  Destination:            design_1_i/axi_smc/inst/sc_ul/inst/gen_axi_full_nxm.sasd_inst/gen_read.rdata_mux/dout_i1_reg[23]/D
                            (rising edge-triggered cell FDRE clocked by clk_fpga_0  {rise@0.000ns fall@5.000ns period=10.000ns})
  Path Group:             clk_fpga_0
  Path Type:              Hold (Min at Fast Process Corner)
  Requirement:            0.000ns  (clk_fpga_0 rise@0.000ns - clk_fpga_0 rise@0.000ns)
  Data Path Delay:        0.417ns  (logic 0.246ns (58.962%)  route 0.171ns (41.038%))
  Logic Levels:           1  (LUT6=1)
  Clock Path Skew:        0.181ns (DCD - SCD - CPR)
    Destination Clock Delay (DCD):    1.211ns
    Source Clock Delay      (SCD):    0.995ns
    Clock Pessimism Removal (CPR):    0.035ns

    Location             Delay type                Incr(ns)  Path(ns)    Netlist Resource(s)
  -------------------------------------------------------------------    -------------------
                         (clock clk_fpga_0 rise edge)
                                                      0.000     0.000 r  <hidden>
    PS7_X0Y0             PS7                          0.000     0.000 r  design_1_i/processing_system7_0/inst/PS7_i/FCLKCLK[0]
                         net (fo=1, routed)           0.310     0.310    design_1_i/processing_system7_0/inst/FCLK_CLK_unbuffered[0]
    BUFGCTRL_X0Y16       BUFG (Prop_bufg_I_O)         0.026     0.336 r  design_1_i/processing_system7_0/inst/buffer_fclk_clk_0.FCLK_CLK_0_BUFG/O
                         net (fo=547, routed)         0.659     0.995    design_1_i/math_accelerator_0/inst/math_accelerator_slave_lite_v1_0_S00_AXI_inst/s00_axi_aclk
    SLICE_X30Y100        FDRE                                         r  design_1_i/math_accelerator_0/inst/math_accelerator_slave_lite_v1_0_S00_AXI_inst/slv_reg2_reg[23]/C
  -------------------------------------------------------------------    -------------------
    SLICE_X30Y100        FDRE (Prop_fdre_C_Q)         0.148     1.143 r  design_1_i/math_accelerator_0/inst/math_accelerator_slave_lite_v1_0_S00_AXI_inst/slv_reg2_reg[23]/Q
                         net (fo=1, routed)           0.171     1.314    design_1_i/math_accelerator_0/inst/math_accelerator_slave_lite_v1_0_S00_AXI_inst/slv_reg2[23]
    SLICE_X30Y97         LUT6 (Prop_lut6_I5_O)        0.098     1.412 r  design_1_i/math_accelerator_0/inst/math_accelerator_slave_lite_v1_0_S00_AXI_inst/s00_axi_rdata[23]_INST_0/O
                         net (fo=1, routed)           0.000     1.412    design_1_i/axi_smc/inst/sc_ul/inst/gen_axi_full_nxm.sasd_inst/gen_read.rdata_mux/m00_axi_rdata[23]
    SLICE_X30Y97         FDRE                                         r  design_1_i/axi_smc/inst/sc_ul/inst/gen_axi_full_nxm.sasd_inst/gen_read.rdata_mux/dout_i1_reg[23]/D
  -------------------------------------------------------------------    -------------------

                         (clock clk_fpga_0 rise edge)
                                                      0.000     0.000 r  <hidden>
    PS7_X0Y0             PS7                          0.000     0.000 r  design_1_i/processing_system7_0/inst/PS7_i/FCLKCLK[0]
                         net (fo=1, routed)           0.337     0.337    design_1_i/processing_system7_0/inst/FCLK_CLK_unbuffered[0]
    BUFGCTRL_X0Y16       BUFG (Prop_bufg_I_O)         0.029     0.366 r  design_1_i/processing_system7_0/inst/buffer_fclk_clk_0.FCLK_CLK_0_BUFG/O
                         net (fo=547, routed)         0.845     1.211    design_1_i/axi_smc/inst/sc_ul/inst/gen_axi_full_nxm.sasd_inst/gen_read.rdata_mux/aclk
    SLICE_X30Y97         FDRE                                         r  design_1_i/axi_smc/inst/sc_ul/inst/gen_axi_full_nxm.sasd_inst/gen_read.rdata_mux/dout_i1_reg[23]/C
                         clock pessimism             -0.035     1.176    <hidden>
    SLICE_X30Y97         FDRE (Hold_fdre_C_D)         0.121     1.297    design_1_i/axi_smc/inst/sc_ul/inst/gen_axi_full_nxm.sasd_inst/gen_read.rdata_mux/dout_i1_reg[23]
  -------------------------------------------------------------------
                         required time                         -1.297    <hidden>
                         arrival time                           1.412    <hidden>
  -------------------------------------------------------------------
                         slack                                  0.115    <hidden>

Slack (MET) :             0.118ns  (arrival time - required time)
  Source:                 design_1_i/math_accelerator_0/inst/math_accelerator_slave_lite_v1_0_S00_AXI_inst/slv_reg0_reg[2]/C
                            (rising edge-triggered cell FDRE clocked by clk_fpga_0  {rise@0.000ns fall@5.000ns period=10.000ns})
  Destination:            design_1_i/axi_smc/inst/sc_ul/inst/gen_axi_full_nxm.sasd_inst/gen_read.rdata_mux/dout_i1_reg[2]/D
                            (rising edge-triggered cell FDRE clocked by clk_fpga_0  {rise@0.000ns fall@5.000ns period=10.000ns})
  Path Group:             clk_fpga_0
  Path Type:              Hold (Min at Fast Process Corner)
  Requirement:            0.000ns  (clk_fpga_0 rise@0.000ns - clk_fpga_0 rise@0.000ns)
  Data Path Delay:        0.252ns  (logic 0.186ns (73.740%)  route 0.066ns (26.260%))
  Logic Levels:           1  (LUT6=1)
  Clock Path Skew:        0.013ns (DCD - SCD - CPR)
    Destination Clock Delay (DCD):    1.209ns
    Source Clock Delay      (SCD):    0.911ns
    Clock Pessimism Removal (CPR):    0.285ns

    Location             Delay type                Incr(ns)  Path(ns)    Netlist Resource(s)
  -------------------------------------------------------------------    -------------------
                         (clock clk_fpga_0 rise edge)
                                                      0.000     0.000 r  <hidden>
    PS7_X0Y0             PS7                          0.000     0.000 r  design_1_i/processing_system7_0/inst/PS7_i/FCLKCLK[0]
                         net (fo=1, routed)           0.310     0.310    design_1_i/processing_system7_0/inst/FCLK_CLK_unbuffered[0]
    BUFGCTRL_X0Y16       BUFG (Prop_bufg_I_O)         0.026     0.336 r  design_1_i/processing_system7_0/inst/buffer_fclk_clk_0.FCLK_CLK_0_BUFG/O
                         net (fo=547, routed)         0.575     0.911    design_1_i/math_accelerator_0/inst/math_accelerator_slave_lite_v1_0_S00_AXI_inst/s00_axi_aclk
    SLICE_X31Y91         FDRE                                         r  design_1_i/math_accelerator_0/inst/math_accelerator_slave_lite_v1_0_S00_AXI_inst/slv_reg0_reg[2]/C
  -------------------------------------------------------------------    -------------------
    SLICE_X31Y91         FDRE (Prop_fdre_C_Q)         0.141     1.052 r  design_1_i/math_accelerator_0/inst/math_accelerator_slave_lite_v1_0_S00_AXI_inst/slv_reg0_reg[2]/Q
                         net (fo=2, routed)           0.066     1.118    design_1_i/math_accelerator_0/inst/math_accelerator_slave_lite_v1_0_S00_AXI_inst/slv_reg0[2]
    SLICE_X30Y91         LUT6 (Prop_lut6_I1_O)        0.045     1.163 r  design_1_i/math_accelerator_0/inst/math_accelerator_slave_lite_v1_0_S00_AXI_inst/s00_axi_rdata[2]_INST_0/O
                         net (fo=1, routed)           0.000     1.163    design_1_i/axi_smc/inst/sc_ul/inst/gen_axi_full_nxm.sasd_inst/gen_read.rdata_mux/m00_axi_rdata[2]
    SLICE_X30Y91         FDRE                                         r  design_1_i/axi_smc/inst/sc_ul/inst/gen_axi_full_nxm.sasd_inst/gen_read.rdata_mux/dout_i1_reg[2]/D
  -------------------------------------------------------------------    -------------------

                         (clock clk_fpga_0 rise edge)
                                                      0.000     0.000 r  <hidden>
    PS7_X0Y0             PS7                          0.000     0.000 r  design_1_i/processing_system7_0/inst/PS7_i/FCLKCLK[0]
                         net (fo=1, routed)           0.337     0.337    design_1_i/processing_system7_0/inst/FCLK_CLK_unbuffered[0]
    BUFGCTRL_X0Y16       BUFG (Prop_bufg_I_O)         0.029     0.366 r  design_1_i/processing_system7_0/inst/buffer_fclk_clk_0.FCLK_CLK_0_BUFG/O
                         net (fo=547, routed)         0.843     1.209    design_1_i/axi_smc/inst/sc_ul/inst/gen_axi_full_nxm.sasd_inst/gen_read.rdata_mux/aclk
    SLICE_X30Y91         FDRE                                         r  design_1_i/axi_smc/inst/sc_ul/inst/gen_axi_full_nxm.sasd_inst/gen_read.rdata_mux/dout_i1_reg[2]/C
                         clock pessimism             -0.285     0.924    <hidden>
    SLICE_X30Y91         FDRE (Hold_fdre_C_D)         0.121     1.045    design_1_i/axi_smc/inst/sc_ul/inst/gen_axi_full_nxm.sasd_inst/gen_read.rdata_mux/dout_i1_reg[2]
  -------------------------------------------------------------------
                         required time                         -1.045    <hidden>
                         arrival time                           1.163    <hidden>
  -------------------------------------------------------------------
                         slack                                  0.118    <hidden>

Slack (MET) :             0.121ns  (arrival time - required time)
  Source:                 design_1_i/axi_smc/inst/sc_ul/inst/gen_axi_full_nxm.sasd_inst/gen_write.m_wdata_reg[25]/C
                            (rising edge-triggered cell FDRE clocked by clk_fpga_0  {rise@0.000ns fall@5.000ns period=10.000ns})
  Destination:            design_1_i/math_accelerator_0/inst/math_accelerator_slave_lite_v1_0_S00_AXI_inst/slv_reg3_reg[25]/D
                            (rising edge-triggered cell FDRE clocked by clk_fpga_0  {rise@0.000ns fall@5.000ns period=10.000ns})
  Path Group:             clk_fpga_0
  Path Type:              Hold (Min at Fast Process Corner)
  Requirement:            0.000ns  (clk_fpga_0 rise@0.000ns - clk_fpga_0 rise@0.000ns)
  Data Path Delay:        0.349ns  (logic 0.141ns (40.378%)  route 0.208ns (59.622%))
  Logic Levels:           0  
  Clock Path Skew:        0.181ns (DCD - SCD - CPR)
    Destination Clock Delay (DCD):    1.211ns
    Source Clock Delay      (SCD):    0.995ns
    Clock Pessimism Removal (CPR):    0.035ns

    Location             Delay type                Incr(ns)  Path(ns)    Netlist Resource(s)
  -------------------------------------------------------------------    -------------------
                         (clock clk_fpga_0 rise edge)
                                                      0.000     0.000 r  <hidden>
    PS7_X0Y0             PS7                          0.000     0.000 r  design_1_i/processing_system7_0/inst/PS7_i/FCLKCLK[0]
                         net (fo=1, routed)           0.310     0.310    design_1_i/processing_system7_0/inst/FCLK_CLK_unbuffered[0]
    BUFGCTRL_X0Y16       BUFG (Prop_bufg_I_O)         0.026     0.336 r  design_1_i/processing_system7_0/inst/buffer_fclk_clk_0.FCLK_CLK_0_BUFG/O
                         net (fo=547, routed)         0.659     0.995    design_1_i/axi_smc/inst/sc_ul/inst/gen_axi_full_nxm.sasd_inst/aclk
    SLICE_X28Y100        FDRE                                         r  design_1_i/axi_smc/inst/sc_ul/inst/gen_axi_full_nxm.sasd_inst/gen_write.m_wdata_reg[25]/C
  -------------------------------------------------------------------    -------------------
    SLICE_X28Y100        FDRE (Prop_fdre_C_Q)         0.141     1.136 r  design_1_i/axi_smc/inst/sc_ul/inst/gen_axi_full_nxm.sasd_inst/gen_write.m_wdata_reg[25]/Q
                         net (fo=3, routed)           0.208     1.344    design_1_i/math_accelerator_0/inst/math_accelerator_slave_lite_v1_0_S00_AXI_inst/s00_axi_wdata[25]
    SLICE_X28Y99         FDRE                                         r  design_1_i/math_accelerator_0/inst/math_accelerator_slave_lite_v1_0_S00_AXI_inst/slv_reg3_reg[25]/D
  -------------------------------------------------------------------    -------------------

                         (clock clk_fpga_0 rise edge)
                                                      0.000     0.000 r  <hidden>
    PS7_X0Y0             PS7                          0.000     0.000 r  design_1_i/processing_system7_0/inst/PS7_i/FCLKCLK[0]
                         net (fo=1, routed)           0.337     0.337    design_1_i/processing_system7_0/inst/FCLK_CLK_unbuffered[0]
    BUFGCTRL_X0Y16       BUFG (Prop_bufg_I_O)         0.029     0.366 r  design_1_i/processing_system7_0/inst/buffer_fclk_clk_0.FCLK_CLK_0_BUFG/O
                         net (fo=547, routed)         0.845     1.211    design_1_i/math_accelerator_0/inst/math_accelerator_slave_lite_v1_0_S00_AXI_inst/s00_axi_aclk
    SLICE_X28Y99         FDRE                                         r  design_1_i/math_accelerator_0/inst/math_accelerator_slave_lite_v1_0_S00_AXI_inst/slv_reg3_reg[25]/C
                         clock pessimism             -0.035     1.176    <hidden>
    SLICE_X28Y99         FDRE (Hold_fdre_C_D)         0.047     1.223    design_1_i/math_accelerator_0/inst/math_accelerator_slave_lite_v1_0_S00_AXI_inst/slv_reg3_reg[25]
  -------------------------------------------------------------------
                         required time                         -1.223    <hidden>
                         arrival time                           1.344    <hidden>
  -------------------------------------------------------------------
                         slack                                  0.121    <hidden>

Slack (MET) :             0.122ns  (arrival time - required time)
  Source:                 design_1_i/axi_smc/inst/sc_ul/inst/cdc_aresetn/syncstages_ff_reg[0]/C
                            (rising edge-triggered cell FDRE clocked by clk_fpga_0  {rise@0.000ns fall@5.000ns period=10.000ns})
  Destination:            design_1_i/axi_smc/inst/sc_ul/inst/cdc_aresetn/syncstages_ff_reg[1]/D
                            (rising edge-triggered cell FDRE clocked by clk_fpga_0  {rise@0.000ns fall@5.000ns period=10.000ns})
  Path Group:             clk_fpga_0
  Path Type:              Hold (Min at Fast Process Corner)
  Requirement:            0.000ns  (clk_fpga_0 rise@0.000ns - clk_fpga_0 rise@0.000ns)
  Data Path Delay:        0.197ns  (logic 0.141ns (71.611%)  route 0.056ns (28.389%))
  Logic Levels:           0  
  Clock Path Skew:        0.000ns (DCD - SCD - CPR)
    Destination Clock Delay (DCD):    1.192ns
    Source Clock Delay      (SCD):    0.895ns
    Clock Pessimism Removal (CPR):    0.297ns

    Location             Delay type                Incr(ns)  Path(ns)    Netlist Resource(s)
  -------------------------------------------------------------------    -------------------
                         (clock clk_fpga_0 rise edge)
                                                      0.000     0.000 r  <hidden>
    PS7_X0Y0             PS7                          0.000     0.000 r  design_1_i/processing_system7_0/inst/PS7_i/FCLKCLK[0]
                         net (fo=1, routed)           0.310     0.310    design_1_i/processing_system7_0/inst/FCLK_CLK_unbuffered[0]
    BUFGCTRL_X0Y16       BUFG (Prop_bufg_I_O)         0.026     0.336 r  design_1_i/processing_system7_0/inst/buffer_fclk_clk_0.FCLK_CLK_0_BUFG/O
                         net (fo=547, routed)         0.559     0.895    design_1_i/axi_smc/inst/sc_ul/inst/cdc_aresetn/dest_clk
    SLICE_X33Y97         FDRE                                         r  design_1_i/axi_smc/inst/sc_ul/inst/cdc_aresetn/syncstages_ff_reg[0]/C
  -------------------------------------------------------------------    -------------------
    SLICE_X33Y97         FDRE (Prop_fdre_C_Q)         0.141     1.036 r  design_1_i/axi_smc/inst/sc_ul/inst/cdc_aresetn/syncstages_ff_reg[0]/Q
                         net (fo=1, routed)           0.056     1.091    design_1_i/axi_smc/inst/sc_ul/inst/cdc_aresetn/syncstages_ff[0]
    SLICE_X33Y97         FDRE                                         r  design_1_i/axi_smc/inst/sc_ul/inst/cdc_aresetn/syncstages_ff_reg[1]/D
  -------------------------------------------------------------------    -------------------

                         (clock clk_fpga_0 rise edge)
                                                      0.000     0.000 r  <hidden>
    PS7_X0Y0             PS7                          0.000     0.000 r  design_1_i/processing_system7_0/inst/PS7_i/FCLKCLK[0]
                         net (fo=1, routed)           0.337     0.337    design_1_i/processing_system7_0/inst/FCLK_CLK_unbuffered[0]
    BUFGCTRL_X0Y16       BUFG (Prop_bufg_I_O)         0.029     0.366 r  design_1_i/processing_system7_0/inst/buffer_fclk_clk_0.FCLK_CLK_0_BUFG/O
                         net (fo=547, routed)         0.826     1.192    design_1_i/axi_smc/inst/sc_ul/inst/cdc_aresetn/dest_clk
    SLICE_X33Y97         FDRE                                         r  design_1_i/axi_smc/inst/sc_ul/inst/cdc_aresetn/syncstages_ff_reg[1]/C
                         clock pessimism             -0.297     0.895    <hidden>
    SLICE_X33Y97         FDRE (Hold_fdre_C_D)         0.075     0.970    design_1_i/axi_smc/inst/sc_ul/inst/cdc_aresetn/syncstages_ff_reg[1]
  -------------------------------------------------------------------
                         required time                         -0.970    <hidden>
                         arrival time                           1.091    <hidden>
  -------------------------------------------------------------------
                         slack                                  0.122    <hidden>

Slack (MET) :             0.122ns  (arrival time - required time)
  Source:                 design_1_i/rst_ps7_0_50M/U0/EXT_LPF/ACTIVE_LOW_AUX.ACT_LO_AUX/syncstages_ff_reg[0]/C
                            (rising edge-triggered cell FDRE clocked by clk_fpga_0  {rise@0.000ns fall@5.000ns period=10.000ns})
  Destination:            design_1_i/rst_ps7_0_50M/U0/EXT_LPF/ACTIVE_LOW_AUX.ACT_LO_AUX/syncstages_ff_reg[1]/D
                            (rising edge-triggered cell FDRE clocked by clk_fpga_0  {rise@0.000ns fall@5.000ns period=10.000ns})
  Path Group:             clk_fpga_0
  Path Type:              Hold (Min at Fast Process Corner)
  Requirement:            0.000ns  (clk_fpga_0 rise@0.000ns - clk_fpga_0 rise@0.000ns)
  Data Path Delay:        0.197ns  (logic 0.141ns (71.611%)  route 0.056ns (28.389%))
  Logic Levels:           0  
  Clock Path Skew:        0.000ns (DCD - SCD - CPR)
    Destination Clock Delay (DCD):    1.277ns
    Source Clock Delay      (SCD):    0.976ns
    Clock Pessimism Removal (CPR):    0.301ns

    Location             Delay type                Incr(ns)  Path(ns)    Netlist Resource(s)
  -------------------------------------------------------------------    -------------------
                         (clock clk_fpga_0 rise edge)
                                                      0.000     0.000 r  <hidden>
    PS7_X0Y0             PS7                          0.000     0.000 r  design_1_i/processing_system7_0/inst/PS7_i/FCLKCLK[0]
                         net (fo=1, routed)           0.310     0.310    design_1_i/processing_system7_0/inst/FCLK_CLK_unbuffered[0]
    BUFGCTRL_X0Y16       BUFG (Prop_bufg_I_O)         0.026     0.336 r  design_1_i/processing_system7_0/inst/buffer_fclk_clk_0.FCLK_CLK_0_BUFG/O
                         net (fo=547, routed)         0.640     0.976    design_1_i/rst_ps7_0_50M/U0/EXT_LPF/ACTIVE_LOW_AUX.ACT_LO_AUX/dest_clk
    SLICE_X35Y103        FDRE                                         r  design_1_i/rst_ps7_0_50M/U0/EXT_LPF/ACTIVE_LOW_AUX.ACT_LO_AUX/syncstages_ff_reg[0]/C
  -------------------------------------------------------------------    -------------------
    SLICE_X35Y103        FDRE (Prop_fdre_C_Q)         0.141     1.117 r  design_1_i/rst_ps7_0_50M/U0/EXT_LPF/ACTIVE_LOW_AUX.ACT_LO_AUX/syncstages_ff_reg[0]/Q
                         net (fo=1, routed)           0.056     1.173    design_1_i/rst_ps7_0_50M/U0/EXT_LPF/ACTIVE_LOW_AUX.ACT_LO_AUX/syncstages_ff[0]
    SLICE_X35Y103        FDRE                                         r  design_1_i/rst_ps7_0_50M/U0/EXT_LPF/ACTIVE_LOW_AUX.ACT_LO_AUX/syncstages_ff_reg[1]/D
  -------------------------------------------------------------------    -------------------

                         (clock clk_fpga_0 rise edge)
                                                      0.000     0.000 r  <hidden>
    PS7_X0Y0             PS7                          0.000     0.000 r  design_1_i/processing_system7_0/inst/PS7_i/FCLKCLK[0]
                         net (fo=1, routed)           0.337     0.337    design_1_i/processing_system7_0/inst/FCLK_CLK_unbuffered[0]
    BUFGCTRL_X0Y16       BUFG (Prop_bufg_I_O)         0.029     0.366 r  design_1_i/processing_system7_0/inst/buffer_fclk_clk_0.FCLK_CLK_0_BUFG/O
                         net (fo=547, routed)         0.911     1.277    design_1_i/rst_ps7_0_50M/U0/EXT_LPF/ACTIVE_LOW_AUX.ACT_LO_AUX/dest_clk
    SLICE_X35Y103        FDRE                                         r  design_1_i/rst_ps7_0_50M/U0/EXT_LPF/ACTIVE_LOW_AUX.ACT_LO_AUX/syncstages_ff_reg[1]/C
                         clock pessimism             -0.301     0.976    <hidden>
    SLICE_X35Y103        FDRE (Hold_fdre_C_D)         0.075     1.051    design_1_i/rst_ps7_0_50M/U0/EXT_LPF/ACTIVE_LOW_AUX.ACT_LO_AUX/syncstages_ff_reg[1]
  -------------------------------------------------------------------
                         required time                         -1.051    <hidden>
                         arrival time                           1.173    <hidden>
  -------------------------------------------------------------------
                         slack                                  0.122    <hidden>

Slack (MET) :             0.130ns  (arrival time - required time)
  Source:                 design_1_i/rst_ps7_0_50M/U0/EXT_LPF/AUX_LPF[2].asr_lpf_reg[2]/C
                            (rising edge-triggered cell FDRE clocked by clk_fpga_0  {rise@0.000ns fall@5.000ns period=10.000ns})
  Destination:            design_1_i/rst_ps7_0_50M/U0/EXT_LPF/AUX_LPF[3].asr_lpf_reg[3]/D
                            (rising edge-triggered cell FDRE clocked by clk_fpga_0  {rise@0.000ns fall@5.000ns period=10.000ns})
  Path Group:             clk_fpga_0
  Path Type:              Hold (Min at Fast Process Corner)
  Requirement:            0.000ns  (clk_fpga_0 rise@0.000ns - clk_fpga_0 rise@0.000ns)
  Data Path Delay:        0.208ns  (logic 0.141ns (67.788%)  route 0.067ns (32.212%))
  Logic Levels:           0  
  Clock Path Skew:        0.000ns (DCD - SCD - CPR)
    Destination Clock Delay (DCD):    1.277ns
    Source Clock Delay      (SCD):    0.976ns
    Clock Pessimism Removal (CPR):    0.301ns

    Location             Delay type                Incr(ns)  Path(ns)    Netlist Resource(s)
  -------------------------------------------------------------------    -------------------
                         (clock clk_fpga_0 rise edge)
                                                      0.000     0.000 r  <hidden>
    PS7_X0Y0             PS7                          0.000     0.000 r  design_1_i/processing_system7_0/inst/PS7_i/FCLKCLK[0]
                         net (fo=1, routed)           0.310     0.310    design_1_i/processing_system7_0/inst/FCLK_CLK_unbuffered[0]
    BUFGCTRL_X0Y16       BUFG (Prop_bufg_I_O)         0.026     0.336 r  design_1_i/processing_system7_0/inst/buffer_fclk_clk_0.FCLK_CLK_0_BUFG/O
                         net (fo=547, routed)         0.640     0.976    design_1_i/rst_ps7_0_50M/U0/EXT_LPF/slowest_sync_clk
    SLICE_X35Y103        FDRE                                         r  design_1_i/rst_ps7_0_50M/U0/EXT_LPF/AUX_LPF[2].asr_lpf_reg[2]/C
  -------------------------------------------------------------------    -------------------
    SLICE_X35Y103        FDRE (Prop_fdre_C_Q)         0.141     1.117 r  design_1_i/rst_ps7_0_50M/U0/EXT_LPF/AUX_LPF[2].asr_lpf_reg[2]/Q
                         net (fo=2, routed)           0.067     1.184    design_1_i/rst_ps7_0_50M/U0/EXT_LPF/p_1_in
    SLICE_X35Y103        FDRE                                         r  design_1_i/rst_ps7_0_50M/U0/EXT_LPF/AUX_LPF[3].asr_lpf_reg[3]/D
  -------------------------------------------------------------------    -------------------

                         (clock clk_fpga_0 rise edge)
                                                      0.000     0.000 r  <hidden>
    PS7_X0Y0             PS7                          0.000     0.000 r  design_1_i/processing_system7_0/inst/PS7_i/FCLKCLK[0]
                         net (fo=1, routed)           0.337     0.337    design_1_i/processing_system7_0/inst/FCLK_CLK_unbuffered[0]
    BUFGCTRL_X0Y16       BUFG (Prop_bufg_I_O)         0.029     0.366 r  design_1_i/processing_system7_0/inst/buffer_fclk_clk_0.FCLK_CLK_0_BUFG/O
                         net (fo=547, routed)         0.911     1.277    design_1_i/rst_ps7_0_50M/U0/EXT_LPF/slowest_sync_clk
    SLICE_X35Y103        FDRE                                         r  design_1_i/rst_ps7_0_50M/U0/EXT_LPF/AUX_LPF[3].asr_lpf_reg[3]/C
                         clock pessimism             -0.301     0.976    <hidden>
    SLICE_X35Y103        FDRE (Hold_fdre_C_D)         0.078     1.054    design_1_i/rst_ps7_0_50M/U0/EXT_LPF/AUX_LPF[3].asr_lpf_reg[3]
  -------------------------------------------------------------------
                         required time                         -1.054    <hidden>
                         arrival time                           1.184    <hidden>
  -------------------------------------------------------------------
                         slack                                  0.130    <hidden>





Pulse Width Checks
--------------------------------------------------------------------------------------
Clock Name:         clk_fpga_0
Waveform(ns):       { 0.000 5.000 }
Period(ns):         10.000
Sources:            { design_1_i/processing_system7_0/inst/PS7_i/FCLKCLK[0] }

Check Type        Corner  Lib Pin     Reference Pin  Required(ns)  Actual(ns)  Slack(ns)  Location        Pin
Min Period        n/a     BUFG/I      n/a            2.155         10.000      7.845      BUFGCTRL_X0Y16  design_1_i/processing_system7_0/inst/buffer_fclk_clk_0.FCLK_CLK_0_BUFG/I
Min Period        n/a     FDRE/C      n/a            1.000         10.000      9.000      SLICE_X33Y97    design_1_i/axi_smc/inst/sc_ul/inst/cdc_aresetn/syncstages_ff_reg[0]/C
Min Period        n/a     FDRE/C      n/a            1.000         10.000      9.000      SLICE_X33Y97    design_1_i/axi_smc/inst/sc_ul/inst/cdc_aresetn/syncstages_ff_reg[1]/C
Min Period        n/a     FDRE/C      n/a            1.000         10.000      9.000      SLICE_X30Y87    design_1_i/axi_smc/inst/sc_ul/inst/gen_axi_full_nxm.sasd_inst/FSM_sequential_gen_read.r_state_reg[0]/C
Min Period        n/a     FDRE/C      n/a            1.000         10.000      9.000      SLICE_X30Y86    design_1_i/axi_smc/inst/sc_ul/inst/gen_axi_full_nxm.sasd_inst/FSM_sequential_gen_read.r_state_reg[1]/C
Min Period        n/a     FDRE/C      n/a            1.000         10.000      9.000      SLICE_X30Y87    design_1_i/axi_smc/inst/sc_ul/inst/gen_axi_full_nxm.sasd_inst/FSM_sequential_gen_read.r_state_reg[2]/C
Min Period        n/a     FDRE/C      n/a            1.000         10.000      9.000      SLICE_X33Y96    design_1_i/axi_smc/inst/sc_ul/inst/gen_axi_full_nxm.sasd_inst/FSM_sequential_gen_write.w_state_reg[0]/C
Min Period        n/a     FDRE/C      n/a            1.000         10.000      9.000      SLICE_X34Y96    design_1_i/axi_smc/inst/sc_ul/inst/gen_axi_full_nxm.sasd_inst/FSM_sequential_gen_write.w_state_reg[1]/C
Min Period        n/a     FDRE/C      n/a            1.000         10.000      9.000      SLICE_X34Y96    design_1_i/axi_smc/inst/sc_ul/inst/gen_axi_full_nxm.sasd_inst/FSM_sequential_gen_write.w_state_reg[2]/C
Min Period        n/a     FDRE/C      n/a            1.000         10.000      9.000      SLICE_X29Y83    design_1_i/axi_smc/inst/sc_ul/inst/gen_axi_full_nxm.sasd_inst/gen_read.ar_addr_d_reg[0]/C
Low Pulse Width   Slow    SRL16E/CLK  n/a            0.980         5.000       4.020      SLICE_X34Y103   design_1_i/rst_ps7_0_50M/U0/EXT_LPF/POR_SRL_I/CLK
Low Pulse Width   Fast    SRL16E/CLK  n/a            0.980         5.000       4.020      SLICE_X34Y103   design_1_i/rst_ps7_0_50M/U0/EXT_LPF/POR_SRL_I/CLK
Low Pulse Width   Slow    FDRE/C      n/a            0.500         5.000       4.500      SLICE_X33Y97    design_1_i/axi_smc/inst/sc_ul/inst/cdc_aresetn/syncstages_ff_reg[0]/C
Low Pulse Width   Fast    FDRE/C      n/a            0.500         5.000       4.500      SLICE_X33Y97    design_1_i/axi_smc/inst/sc_ul/inst/cdc_aresetn/syncstages_ff_reg[0]/C
Low Pulse Width   Slow    FDRE/C      n/a            0.500         5.000       4.500      SLICE_X33Y97    design_1_i/axi_smc/inst/sc_ul/inst/cdc_aresetn/syncstages_ff_reg[1]/C
Low Pulse Width   Fast    FDRE/C      n/a            0.500         5.000       4.500      SLICE_X33Y97    design_1_i/axi_smc/inst/sc_ul/inst/cdc_aresetn/syncstages_ff_reg[1]/C
Low Pulse Width   Slow    FDRE/C      n/a            0.500         5.000       4.500      SLICE_X30Y87    design_1_i/axi_smc/inst/sc_ul/inst/gen_axi_full_nxm.sasd_inst/FSM_sequential_gen_read.r_state_reg[0]/C
Low Pulse Width   Fast    FDRE/C      n/a            0.500         5.000       4.500      SLICE_X30Y87    design_1_i/axi_smc/inst/sc_ul/inst/gen_axi_full_nxm.sasd_inst/FSM_sequential_gen_read.r_state_reg[0]/C
Low Pulse Width   Slow    FDRE/C      n/a            0.500         5.000       4.500      SLICE_X30Y86    design_1_i/axi_smc/inst/sc_ul/inst/gen_axi_full_nxm.sasd_inst/FSM_sequential_gen_read.r_state_reg[1]/C
Low Pulse Width   Fast    FDRE/C      n/a            0.500         5.000       4.500      SLICE_X30Y86    design_1_i/axi_smc/inst/sc_ul/inst/gen_axi_full_nxm.sasd_inst/FSM_sequential_gen_read.r_state_reg[1]/C
High Pulse Width  Slow    SRL16E/CLK  n/a            0.980         5.000       4.020      SLICE_X34Y103   design_1_i/rst_ps7_0_50M/U0/EXT_LPF/POR_SRL_I/CLK
High Pulse Width  Fast    SRL16E/CLK  n/a            0.980         5.000       4.020      SLICE_X34Y103   design_1_i/rst_ps7_0_50M/U0/EXT_LPF/POR_SRL_I/CLK
High Pulse Width  Slow    FDRE/C      n/a            0.500         5.000       4.500      SLICE_X33Y97    design_1_i/axi_smc/inst/sc_ul/inst/cdc_aresetn/syncstages_ff_reg[0]/C
High Pulse Width  Fast    FDRE/C      n/a            0.500         5.000       4.500      SLICE_X33Y97    design_1_i/axi_smc/inst/sc_ul/inst/cdc_aresetn/syncstages_ff_reg[0]/C
High Pulse Width  Slow    FDRE/C      n/a            0.500         5.000       4.500      SLICE_X33Y97    design_1_i/axi_smc/inst/sc_ul/inst/cdc_aresetn/syncstages_ff_reg[1]/C
High Pulse Width  Fast    FDRE/C      n/a            0.500         5.000       4.500      SLICE_X33Y97    design_1_i/axi_smc/inst/sc_ul/inst/cdc_aresetn/syncstages_ff_reg[1]/C
High Pulse Width  Slow    FDRE/C      n/a            0.500         5.000       4.500      SLICE_X30Y87    design_1_i/axi_smc/inst/sc_ul/inst/gen_axi_full_nxm.sasd_inst/FSM_sequential_gen_read.r_state_reg[0]/C
High Pulse Width  Fast    FDRE/C      n/a            0.500         5.000       4.500      SLICE_X30Y87    design_1_i/axi_smc/inst/sc_ul/inst/gen_axi_full_nxm.sasd_inst/FSM_sequential_gen_read.r_state_reg[0]/C
High Pulse Width  Slow    FDRE/C      n/a            0.500         5.000       4.500      SLICE_X30Y86    design_1_i/axi_smc/inst/sc_ul/inst/gen_axi_full_nxm.sasd_inst/FSM_sequential_gen_read.r_state_reg[1]/C
High Pulse Width  Fast    FDRE/C      n/a            0.500         5.000       4.500      SLICE_X30Y86    design_1_i/axi_smc/inst/sc_ul/inst/gen_axi_full_nxm.sasd_inst/FSM_sequential_gen_read.r_state_reg[1]/C



--------------------------------------------------------------------------------------
Path Group:  (none)
From Clock:  
  To Clock:  clk_fpga_0

Max Delay             1 Endpoint
Min Delay             1 Endpoint
--------------------------------------------------------------------------------------


Max Delay Paths
--------------------------------------------------------------------------------------
Slack:                    inf
  Source:                 design_1_i/processing_system7_0/inst/PS7_i/FCLKRESETN[0]
                            (internal pin)
  Destination:            design_1_i/rst_ps7_0_50M/U0/EXT_LPF/ACTIVE_LOW_EXT.ACT_LO_EXT/syncstages_ff_reg[0]/D
                            (rising edge-triggered cell FDRE clocked by clk_fpga_0  {rise@0.000ns fall@5.000ns period=10.000ns})
  Path Group:             (none)
  Path Type:              Setup (Max at Slow Process Corner)
  Data Path Delay:        1.583ns  (logic 0.124ns (7.835%)  route 1.459ns (92.165%))
  Logic Levels:           1  (LUT1=1)
  Clock Uncertainty:      0.152ns  ((TSJ^2 + TIJ^2)^1/2 + DJ) / 2 + PE
    Total System Jitter     (TSJ):    0.050ns
    Total Input Jitter      (TIJ):    0.300ns
    Discrete Jitter          (DJ):    0.000ns
    Phase Error              (PE):    0.000ns
  Timing Exception:       False Path

    Location             Delay type                Incr(ns)  Path(ns)    Netlist Resource(s)
  -------------------------------------------------------------------    -------------------
    PS7_X0Y0             PS7                          0.000     0.000 f  design_1_i/processing_system7_0/inst/PS7_i/FCLKRESETN[0]
                         net (fo=1, routed)           1.459     1.459    design_1_i/rst_ps7_0_50M/U0/EXT_LPF/ext_reset_in
    SLICE_X34Y102        LUT1 (Prop_lut1_I0_O)        0.124     1.583 r  design_1_i/rst_ps7_0_50M/U0/EXT_LPF/ACTIVE_LOW_EXT.ACT_LO_EXT_i_1/O
                         net (fo=1, routed)           0.000     1.583    design_1_i/rst_ps7_0_50M/U0/EXT_LPF/ACTIVE_LOW_EXT.ACT_LO_EXT/src_in
    SLICE_X34Y102        FDRE                                         r  design_1_i/rst_ps7_0_50M/U0/EXT_LPF/ACTIVE_LOW_EXT.ACT_LO_EXT/syncstages_ff_reg[0]/D
  -------------------------------------------------------------------    -------------------

                         (clock clk_fpga_0 rise edge)
                                                      0.000     0.000 r  <hidden>
    PS7_X0Y0             PS7                          0.000     0.000 r  design_1_i/processing_system7_0/inst/PS7_i/FCLKCLK[0]
                         net (fo=1, routed)           1.088     1.088    design_1_i/processing_system7_0/inst/FCLK_CLK_unbuffered[0]
    BUFGCTRL_X0Y16       BUFG (Prop_bufg_I_O)         0.091     1.179 r  design_1_i/processing_system7_0/inst/buffer_fclk_clk_0.FCLK_CLK_0_BUFG/O
                         net (fo=547, routed)         1.655     2.834    design_1_i/rst_ps7_0_50M/U0/EXT_LPF/ACTIVE_LOW_EXT.ACT_LO_EXT/dest_clk
    SLICE_X34Y102        FDRE                                         r  design_1_i/rst_ps7_0_50M/U0/EXT_LPF/ACTIVE_LOW_EXT.ACT_LO_EXT/syncstages_ff_reg[0]/C





Min Delay Paths
--------------------------------------------------------------------------------------
Slack:                    inf
  Source:                 design_1_i/processing_system7_0/inst/PS7_i/FCLKRESETN[0]
                            (internal pin)
  Destination:            design_1_i/rst_ps7_0_50M/U0/EXT_LPF/ACTIVE_LOW_EXT.ACT_LO_EXT/syncstages_ff_reg[0]/D
                            (rising edge-triggered cell FDRE clocked by clk_fpga_0  {rise@0.000ns fall@5.000ns period=10.000ns})
  Path Group:             (none)
  Path Type:              Hold (Min at Fast Process Corner)
  Data Path Delay:        0.637ns  (logic 0.045ns (7.069%)  route 0.592ns (92.931%))
  Logic Levels:           1  (LUT1=1)
  Clock Uncertainty:      0.152ns  ((TSJ^2 + TIJ^2)^1/2 + DJ) / 2 + PE
    Total System Jitter     (TSJ):    0.050ns
    Total Input Jitter      (TIJ):    0.300ns
    Discrete Jitter          (DJ):    0.000ns
    Phase Error              (PE):    0.000ns
  Timing Exception:       False Path

    Location             Delay type                Incr(ns)  Path(ns)    Netlist Resource(s)
  -------------------------------------------------------------------    -------------------
    PS7_X0Y0             PS7                          0.000     0.000 f  design_1_i/processing_system7_0/inst/PS7_i/FCLKRESETN[0]
                         net (fo=1, routed)           0.592     0.592    design_1_i/rst_ps7_0_50M/U0/EXT_LPF/ext_reset_in
    SLICE_X34Y102        LUT1 (Prop_lut1_I0_O)        0.045     0.637 r  design_1_i/rst_ps7_0_50M/U0/EXT_LPF/ACTIVE_LOW_EXT.ACT_LO_EXT_i_1/O
                         net (fo=1, routed)           0.000     0.637    design_1_i/rst_ps7_0_50M/U0/EXT_LPF/ACTIVE_LOW_EXT.ACT_LO_EXT/src_in
    SLICE_X34Y102        FDRE                                         r  design_1_i/rst_ps7_0_50M/U0/EXT_LPF/ACTIVE_LOW_EXT.ACT_LO_EXT/syncstages_ff_reg[0]/D
  -------------------------------------------------------------------    -------------------

                         (clock clk_fpga_0 rise edge)
                                                      0.000     0.000 r  <hidden>
    PS7_X0Y0             PS7                          0.000     0.000 r  design_1_i/processing_system7_0/inst/PS7_i/FCLKCLK[0]
                         net (fo=1, routed)           0.337     0.337    design_1_i/processing_system7_0/inst/FCLK_CLK_unbuffered[0]
    BUFGCTRL_X0Y16       BUFG (Prop_bufg_I_O)         0.029     0.366 r  design_1_i/processing_system7_0/inst/buffer_fclk_clk_0.FCLK_CLK_0_BUFG/O
                         net (fo=547, routed)         0.912     1.278    design_1_i/rst_ps7_0_50M/U0/EXT_LPF/ACTIVE_LOW_EXT.ACT_LO_EXT/dest_clk
    SLICE_X34Y102        FDRE                                         r  design_1_i/rst_ps7_0_50M/U0/EXT_LPF/ACTIVE_LOW_EXT.ACT_LO_EXT/syncstages_ff_reg[0]/C





--------------------------------------------------------------------------------------
Path Group:  (none)
From Clock:  clk_fpga_0
  To Clock:  clk_fpga_0

Max Delay             1 Endpoint
Min Delay             1 Endpoint
--------------------------------------------------------------------------------------


Max Delay Paths
--------------------------------------------------------------------------------------
Slack:                    inf
  Source:                 design_1_i/rst_ps7_0_50M/U0/ACTIVE_LOW_PR_OUT_DFF[0].FDRE_PER_N/C
                            (rising edge-triggered cell FDRE clocked by clk_fpga_0  {rise@0.000ns fall@5.000ns period=10.000ns})
  Destination:            design_1_i/axi_smc/inst/sc_ul/inst/cdc_aresetn/syncstages_ff_reg[0]/D
                            (rising edge-triggered cell FDRE clocked by clk_fpga_0  {rise@0.000ns fall@5.000ns period=10.000ns})
  Path Group:             (none)
  Path Type:              Setup (Max at Slow Process Corner)
  Data Path Delay:        1.102ns  (logic 0.456ns (41.369%)  route 0.646ns (58.631%))
  Logic Levels:           0  
  Clock Path Skew:        -0.480ns (DCD - SCD + CPR)
    Destination Clock Delay (DCD):    2.659ns
    Source Clock Delay      (SCD):    3.139ns
    Clock Pessimism Removal (CPR):    0.000ns
  Clock Uncertainty:      0.154ns  ((TSJ^2 + TIJ^2)^1/2 + DJ) / 2 + PE
    Total System Jitter     (TSJ):    0.071ns
    Total Input Jitter      (TIJ):    0.300ns
    Discrete Jitter          (DJ):    0.000ns
    Phase Error              (PE):    0.000ns
  Timing Exception:       False Path

    Location             Delay type                Incr(ns)  Path(ns)    Netlist Resource(s)
  -------------------------------------------------------------------    -------------------
                         (clock clk_fpga_0 rise edge)
                                                      0.000     0.000 r  <hidden>
    PS7_X0Y0             PS7                          0.000     0.000 r  design_1_i/processing_system7_0/inst/PS7_i/FCLKCLK[0]
                         net (fo=1, routed)           1.193     1.193    design_1_i/processing_system7_0/inst/FCLK_CLK_unbuffered[0]
    BUFGCTRL_X0Y16       BUFG (Prop_bufg_I_O)         0.101     1.294 r  design_1_i/processing_system7_0/inst/buffer_fclk_clk_0.FCLK_CLK_0_BUFG/O
                         net (fo=547, routed)         1.845     3.139    design_1_i/rst_ps7_0_50M/U0/slowest_sync_clk
    SLICE_X33Y102        FDRE                                         r  design_1_i/rst_ps7_0_50M/U0/ACTIVE_LOW_PR_OUT_DFF[0].FDRE_PER_N/C
  -------------------------------------------------------------------    -------------------
    SLICE_X33Y102        FDRE (Prop_fdre_C_Q)         0.456     3.595 r  design_1_i/rst_ps7_0_50M/U0/ACTIVE_LOW_PR_OUT_DFF[0].FDRE_PER_N/Q
                         net (fo=4, routed)           0.646     4.241    design_1_i/axi_smc/inst/sc_ul/inst/cdc_aresetn/src_rst
    SLICE_X33Y97         FDRE                                         r  design_1_i/axi_smc/inst/sc_ul/inst/cdc_aresetn/syncstages_ff_reg[0]/D
  -------------------------------------------------------------------    -------------------

                         (clock clk_fpga_0 rise edge)
                                                      0.000     0.000 r  <hidden>
    PS7_X0Y0             PS7                          0.000     0.000 r  design_1_i/processing_system7_0/inst/PS7_i/FCLKCLK[0]
                         net (fo=1, routed)           1.088     1.088    design_1_i/processing_system7_0/inst/FCLK_CLK_unbuffered[0]
    BUFGCTRL_X0Y16       BUFG (Prop_bufg_I_O)         0.091     1.179 r  design_1_i/processing_system7_0/inst/buffer_fclk_clk_0.FCLK_CLK_0_BUFG/O
                         net (fo=547, routed)         1.480     2.659    design_1_i/axi_smc/inst/sc_ul/inst/cdc_aresetn/dest_clk
    SLICE_X33Y97         FDRE                                         r  design_1_i/axi_smc/inst/sc_ul/inst/cdc_aresetn/syncstages_ff_reg[0]/C





Min Delay Paths
--------------------------------------------------------------------------------------
Slack:                    inf
  Source:                 design_1_i/rst_ps7_0_50M/U0/ACTIVE_LOW_PR_OUT_DFF[0].FDRE_PER_N/C
                            (rising edge-triggered cell FDRE clocked by clk_fpga_0  {rise@0.000ns fall@5.000ns period=10.000ns})
  Destination:            design_1_i/axi_smc/inst/sc_ul/inst/cdc_aresetn/syncstages_ff_reg[0]/D
                            (rising edge-triggered cell FDRE clocked by clk_fpga_0  {rise@0.000ns fall@5.000ns period=10.000ns})
  Path Group:             (none)
  Path Type:              Hold (Min at Fast Process Corner)
  Data Path Delay:        0.390ns  (logic 0.141ns (36.128%)  route 0.249ns (63.872%))
  Logic Levels:           0  
  Clock Path Skew:        0.215ns (DCD - SCD - CPR)
    Destination Clock Delay (DCD):    1.192ns
    Source Clock Delay      (SCD):    0.977ns
    Clock Pessimism Removal (CPR):    -0.000ns
  Clock Uncertainty:      0.154ns  ((TSJ^2 + TIJ^2)^1/2 + DJ) / 2 + PE
    Total System Jitter     (TSJ):    0.071ns
    Total Input Jitter      (TIJ):    0.300ns
    Discrete Jitter          (DJ):    0.000ns
    Phase Error              (PE):    0.000ns
  Timing Exception:       False Path

    Location             Delay type                Incr(ns)  Path(ns)    Netlist Resource(s)
  -------------------------------------------------------------------    -------------------
                         (clock clk_fpga_0 rise edge)
                                                      0.000     0.000 r  <hidden>
    PS7_X0Y0             PS7                          0.000     0.000 r  design_1_i/processing_system7_0/inst/PS7_i/FCLKCLK[0]
                         net (fo=1, routed)           0.310     0.310    design_1_i/processing_system7_0/inst/FCLK_CLK_unbuffered[0]
    BUFGCTRL_X0Y16       BUFG (Prop_bufg_I_O)         0.026     0.336 r  design_1_i/processing_system7_0/inst/buffer_fclk_clk_0.FCLK_CLK_0_BUFG/O
                         net (fo=547, routed)         0.641     0.977    design_1_i/rst_ps7_0_50M/U0/slowest_sync_clk
    SLICE_X33Y102        FDRE                                         r  design_1_i/rst_ps7_0_50M/U0/ACTIVE_LOW_PR_OUT_DFF[0].FDRE_PER_N/C
  -------------------------------------------------------------------    -------------------
    SLICE_X33Y102        FDRE (Prop_fdre_C_Q)         0.141     1.118 r  design_1_i/rst_ps7_0_50M/U0/ACTIVE_LOW_PR_OUT_DFF[0].FDRE_PER_N/Q
                         net (fo=4, routed)           0.249     1.367    design_1_i/axi_smc/inst/sc_ul/inst/cdc_aresetn/src_rst
    SLICE_X33Y97         FDRE                                         r  design_1_i/axi_smc/inst/sc_ul/inst/cdc_aresetn/syncstages_ff_reg[0]/D
  -------------------------------------------------------------------    -------------------

                         (clock clk_fpga_0 rise edge)
                                                      0.000     0.000 r  <hidden>
    PS7_X0Y0             PS7                          0.000     0.000 r  design_1_i/processing_system7_0/inst/PS7_i/FCLKCLK[0]
                         net (fo=1, routed)           0.337     0.337    design_1_i/processing_system7_0/inst/FCLK_CLK_unbuffered[0]
    BUFGCTRL_X0Y16       BUFG (Prop_bufg_I_O)         0.029     0.366 r  design_1_i/processing_system7_0/inst/buffer_fclk_clk_0.FCLK_CLK_0_BUFG/O
                         net (fo=547, routed)         0.826     1.192    design_1_i/axi_smc/inst/sc_ul/inst/cdc_aresetn/dest_clk
    SLICE_X33Y97         FDRE                                         r  design_1_i/axi_smc/inst/sc_ul/inst/cdc_aresetn/syncstages_ff_reg[0]/C





